state,district,missing_male_total_male,missing_male_below_12_years,missing_male_12_years_above_below_16_years,missing_male_16_years_above_below_18_years,missing_male_children,missing_male_18_years_above,missing_female_total_female,missing_female_below_12_years,missing_female_12_years_above_below_16_years,missing_female_16_years_above_below_18_years,missing_female_children,missing_female_18_years_above,missing_trans_gender_total_transgender,missing_transgender_below_12_years,missing_transgender_12_years_above_below_16_years,missing_transgender_16_years_above_below_18_years,missing_transgender_children,missing_transgender_18_years_above,missing_total_grand_total,missing_total_below_12_years,missing_total_12_years_above_below_14_years,missing_total_14_years_above_below_18_years,missing_total_children,missing_total_18_years_above
Andhra Pradesh,Alluri Sitharama Raju,18,2,3,4,9,9,59,6,4,9,19,40,0,0,0,0,0,0,77,8,7,13,28,49
Andhra Pradesh,Anakapalli,150,3,15,13,31,119,273,5,15,46,66,207,0,0,0,0,0,0,423,8,30,59,97,326
Andhra Pradesh,Anantapuramu,174,1,16,13,30,144,569,1,42,156,199,370,0,0,0,0,0,0,743,2,58,169,229,514
Andhra Pradesh,Annamayya,135,29,5,5,39,96,450,21,79,79,179,271,0,0,0,0,0,0,585,50,84,84,218,367
Andhra Pradesh,Bapatla,125,24,8,6,38,87,322,20,25,59,104,218,0,0,0,0,0,0,447,44,33,65,142,305
Andhra Pradesh,Chittoor,161,34,15,5,54,107,593,25,59,157,241,352,0,0,0,0,0,0,754,59,74,162,295,459
Andhra Pradesh,Dr Br Ambedkar Konaseema,159,19,10,6,35,124,253,15,12,57,84,169,0,0,0,0,0,0,412,34,22,63,119,293
Andhra Pradesh,East Godavari,241,3,17,11,31,210,408,2,41,105,148,260,0,0,0,0,0,0,649,5,58,116,179,470
Andhra Pradesh,Eluru,195,18,10,9,37,158,376,19,14,58,91,285,0,0,0,0,0,0,571,37,24,67,128,443
Andhra Pradesh,Guntakal Railway,15,0,0,0,0,15,2,0,0,0,0,2,0,0,0,0,0,0,17,0,0,0,0,17
Andhra Pradesh,Guntur,266,4,24,7,35,231,595,7,85,94,186,409,0,0,0,0,0,0,861,11,109,101,221,640
Andhra Pradesh,Kakinada,218,12,17,8,37,181,420,24,52,48,124,296,7,0,0,0,0,7,645,36,69,56,161,484
Andhra Pradesh,Krishna,197,23,11,10,44,153,304,26,7,3,36,268,0,0,0,0,0,0,501,49,18,13,80,421
Andhra Pradesh,Kurnool,124,2,19,6,27,97,456,45,75,86,206,250,0,0,0,0,0,0,580,47,94,92,233,347
Andhra Pradesh,Nandyal,81,9,4,3,16,65,300,10,43,42,95,205,0,0,0,0,0,0,381,19,47,45,111,270
Andhra Pradesh,Ntr,503,62,32,20,114,389,846,57,51,132,240,606,0,0,0,0,0,0,1349,119,83,152,354,995
Andhra Pradesh,Palnadu,126,11,13,10,34,92,196,18,35,26,79,117,0,0,0,0,0,0,322,29,48,36,113,209
Andhra Pradesh,Parvathipuram Manyam,36,8,2,0,10,26,109,5,21,7,33,76,0,0,0,0,0,0,145,13,23,7,43,102
Andhra Pradesh,Prakasam,174,3,16,4,23,151,456,2,72,67,141,315,0,0,0,0,0,0,630,5,88,71,164,466
Andhra Pradesh,Sri Potti Sriramulu Nellore,219,14,19,12,45,174,502,18,53,108,179,323,0,0,0,0,0,0,721,32,72,120,224,497
Andhra Pradesh,Sri Sathya Sai,134,16,17,9,42,92,456,30,28,99,157,299,0,0,0,0,0,0,590,46,45,108,199,391
Andhra Pradesh,Srikakulam,104,1,8,6,15,89,318,1,13,67,81,237,0,0,0,0,0,0,422,2,21,73,96,326
Andhra Pradesh,Tirupati,257,30,22,20,72,185,685,35,54,152,241,444,0,0,0,0,0,0,942,65,76,172,313,629
Andhra Pradesh,Viiayawada Railway,30,0,1,1,2,28,15,0,1,1,2,13,0,0,0,0,0,0,45,0,2,2,4,41
Andhra Pradesh,Visakhapatnam,336,5,15,33,53,283,393,2,39,42,83,310,0,0,0,0,0,0,729,7,54,75,136,593
Andhra Pradesh,Vizianagaram,154,13,12,7,32,122,257,18,29,41,88,169,0,0,0,0,0,0,411,31,41,48,120,291
Andhra Pradesh,West Godavari,64,2,1,0,3,61,70,3,4,9,16,54,0,0,0,0,0,0,134,5,5,9,19,115
Andhra Pradesh,Ysr,180,30,13,10,53,127,451,24,41,101,166,285,0,0,0,0,0,0,631,54,54,111,219,412
Arunachal Pradesh,Anjaw,0,0,0,0,0,0,0,0,0,0,0,0,0,0,0,0,0,0,0,0,0,0,0,0
Arunachal Pradesh,Changlang,0,0,0,0,0,0,0,0,0,0,0,0,0,0,0,0,0,0,0,0,0,0,0,0
Arunachal Pradesh,Crime Branch,0,0,0,0,0,0,0,0,0,0,0,0,0,0,0,0,0,0,0,0,0,0,0,0
Arunachal Pradesh,Dibang Valley,0,0,0,0,0,0,0,0,0,0,0,0,0,0,0,0,0,0,0,0,0,0,0,0
Arunachal Pradesh,Kameng East,0,0,0,0,0,0,0,0,0,0,0,0,0,0,0,0,0,0,0,0,0,0,0,0
Arunachal Pradesh,Kameng West,0,0,0,0,0,0,0,0,0,0,0,0,0,0,0,0,0,0,0,0,0,0,0,0
Arunachal Pradesh,Kurung Kumey,0,0,0,0,0,0,0,0,0,0,0,0,0,0,0,0,0,0,0,0,0,0,0,0
Arunachal Pradesh,Lohit,0,0,0,0,0,0,0,0,0,0,0,0,0,0,0,0,0,0,0,0,0,0,0,0
Arunachal Pradesh,Longding,0,0,0,0,0,0,0,0,0,0,0,0,0,0,0,0,0,0,0,0,0,0,0,0
Arunachal Pradesh,Lower Dibang Valley,9,0,0,0,0,9,23,0,0,11,11,12,0,0,0,0,0,0,32,0,0,11,11,21
Arunachal Pradesh,Papum Pare City,0,0,0,0,0,0,0,0,0,0,0,0,0,0,0,0,0,0,0,0,0,0,0,0
Arunachal Pradesh,Papum Pare Rural,8,0,0,0,0,8,14,0,0,5,5,9,0,0,0,0,0,0,22,0,0,5,5,17
Arunachal Pradesh,Siang East,0,0,0,0,0,0,0,0,0,0,0,0,0,0,0,0,0,0,0,0,0,0,0,0
Arunachal Pradesh,Siang Upper,0,0,0,0,0,0,0,0,0,0,0,0,0,0,0,0,0,0,0,0,0,0,0,0
Arunachal Pradesh,Siang West,0,0,0,0,0,0,0,0,0,0,0,0,0,0,0,0,0,0,0,0,0,0,0,0
Arunachal Pradesh,Subansiri Lower,4,0,2,0,2,2,22,0,9,4,13,9,0,0,0,0,0,0,26,0,11,4,15,11
Arunachal Pradesh,Subansiri Upper,0,0,0,0,0,0,0,0,0,0,0,0,0,0,0,0,0,0,0,0,0,0,0,0
Arunachal Pradesh,Tawang,0,0,0,0,0,0,0,0,0,0,0,0,0,0,0,0,0,0,0,0,0,0,0,0
Arunachal Pradesh,Tirap,0,0,0,0,0,0,0,0,0,0,0,0,0,0,0,0,0,0,0,0,0,0,0,0
Arunachal Pradesh,Namsai,0,0,0,0,0,0,0,0,0,0,0,0,0,0,0,0,0,0,0,0,0,0,0,0
Arunachal Pradesh,Siang,0,0,0,0,0,0,0,0,0,0,0,0,0,0,0,0,0,0,0,0,0,0,0,0
Arunachal Pradesh,Kamle,1,0,0,0,0,1,0,0,0,0,0,0,0,0,0,0,0,0,1,0,0,0,0,1
Arunachal Pradesh,Kra Dadi,0,0,0,0,0,0,0,0,0,0,0,0,0,0,0,0,0,0,0,0,0,0,0,0
Arunachal Pradesh,Lower Siang,0,0,0,0,0,0,0,0,0,0,0,0,0,0,0,0,0,0,0,0,0,0,0,0
Arunachal Pradesh,Leparada,0,0,0,0,0,0,0,0,0,0,0,0,0,0,0,0,0,0,0,0,0,0,0,0
Arunachal Pradesh,Shiyomi,0,0,0,0,0,0,0,0,0,0,0,0,0,0,0,0,0,0,0,0,0,0,0,0
Arunachal Pradesh,Pakkessang,0,0,0,0,0,0,0,0,0,0,0,0,0,0,0,0,0,0,0,0,0,0,0,0
Assam,Bieo,0,0,0,0,0,0,0,0,0,0,0,0,0,0,0,0,0,0,0,0,0,0,0,0
Assam,Barpeta,12,0,0,0,0,12,97,0,4,16,20,77,0,0,0,0,0,0,109,0,4,16,20,89
Assam,Baksa,39,10,6,0,16,23,142,8,9,7,24,118,0,0,0,0,0,0,181,18,15,7,40,141
Assam,Bongaigaon,44,1,3,4,8,36,219,1,5,31,37,182,0,0,0,0,0,0,263,2,8,35,45,218
Assam,Cid,0,0,0,0,0,0,0,0,0,0,0,0,0,0,0,0,0,0,0,0,0,0,0,0
Assam,Cachar,129,4,9,3,16,113,579,7,71,53,131,448,0,0,0,0,0,0,708,11,80,56,147,561
Assam,Chirang,46,12,7,3,22,24,141,1,15,18,34,107,0,0,0,0,0,0,187,13,22,21,56,131
Assam,Darrang,52,2,3,2,7,45,196,5,6,7,18,178,0,0,0,0,0,0,248,7,9,9,25,223
Assam,Dhemaji,69,4,13,3,20,49,153,3,16,19,38,115,0,0,0,0,0,0,222,7,29,22,58,164
Assam,Dhubri,53,9,11,7,27,26,64,11,21,19,51,13,0,0,0,0,0,0,117,20,32,26,78,39
Assam,Dibrugarh,12,3,4,2,9,3,40,4,5,4,13,27,0,0,0,0,0,0,52,7,9,6,22,30
Assam,Grp,46,0,0,0,0,46,6,0,0,0,0,6,0,0,0,0,0,0,52,0,0,0,0,52
Assam,Goalpara,111,5,16,18,39,72,357,4,56,54,114,243,0,0,0,0,0,0,468,9,72,72,153,315
Assam,Golaghat,178,2,30,4,36,142,433,2,24,41,67,366,0,0,0,0,0,0,611,4,54,45,103,508
Assam,Guwahati City,489,7,21,38,66,423,766,4,49,89,142,624,0,0,0,0,0,0,1255,11,70,127,208,1047
Assam,Hailakandi,2,0,0,0,0,2,52,0,0,43,43,9,0,0,0,0,0,0,54,0,0,43,43,11
Assam,Hamren,10,0,4,0,4,6,22,0,1,5,6,16,2,0,2,0,2,0,34,0,7,5,12,22
Assam,Jorhat,82,0,4,4,8,74,168,0,5,34,39,129,0,0,0,0,0,0,250,0,9,38,47,203
Assam,Kamrup,27,0,3,4,7,20,62,1,16,24,41,21,0,0,0,0,0,0,89,1,19,28,48,41
Assam,Karbi Anglong,2,0,1,1,2,0,52,3,35,13,51,1,0,0,0,0,0,0,54,3,36,14,53,1
Assam,Karimganj,87,0,3,8,11,76,249,0,5,13,18,231,0,0,0,0,0,0,336,0,8,21,29,307
Assam,Kokrajhar,11,0,0,5,5,6,61,0,15,42,57,4,0,0,0,0,0,0,72,0,15,47,62,10
Assam,Lakhimpur,11,0,0,0,0,11,17,0,0,0,0,17,0,0,0,0,0,0,28,0,0,0,0,28
Assam,Morigaon,12,1,5,6,12,0,72,2,29,41,72,0,0,0,0,0,0,0,84,3,34,47,84,0
Assam,Dima Hasao,12,0,2,2,4,8,25,1,2,4,7,18,0,0,0,0,0,0,37,1,4,6,11,26
Assam,Nagaon,134,9,14,19,42,92,174,14,62,98,174,0,0,0,0,0,0,0,308,23,76,117,216,92
Assam,Nalbari,105,3,11,3,17,88,311,2,19,34,55,256,0,0,0,0,0,0,416,5,30,37,72,344
Assam,Rpo,0,0,0,0,0,0,0,0,0,0,0,0,0,0,0,0,0,0,0,0,0,0,0,0
Assam,Sou,0,0,0,0,0,0,0,0,0,0,0,0,0,0,0,0,0,0,0,0,0,0,0,0
Assam,Stf,0,0,0,0,0,0,0,0,0,0,0,0,0,0,0,0,0,0,0,0,0,0,0,0
Assam,Sibsagar,196,8,17,26,51,145,423,9,38,75,122,301,0,0,0,0,0,0,619,17,55,101,173,446
Assam,Sonitpur,3,1,0,1,2,1,115,2,21,80,103,12,0,0,0,0,0,0,118,3,21,81,105,13
Assam,Tinsukia,34,14,13,7,34,0,84,3,39,42,84,0,0,0,0,0,0,0,118,17,52,49,118,0
Assam,Udalguri,73,0,8,11,19,54,128,0,4,29,33,95,0,0,0,0,0,0,201,0,12,40,52,149
Assam,Sadia,23,0,0,0,0,23,35,0,0,0,0,35,0,0,0,0,0,0,58,0,0,0,0,58
Assam,Majuli,0,0,0,0,0,0,0,0,0,0,0,0,0,0,0,0,0,0,0,0,0,0,0,0
Assam,Biswanath,8,2,4,2,8,0,97,5,68,16,89,8,0,0,0,0,0,0,105,7,72,18,97,8
Assam,Hojai,9,0,3,4,7,2,12,0,0,9,9,3,0,0,0,0,0,0,21,0,3,13,16,5
Assam,South Salmara,30,7,1,2,10,20,106,3,16,17,36,70,0,0,0,0,0,0,136,10,17,19,46,90
Assam,Charaideo,65,0,0,0,0,65,293,0,80,90,170,123,0,0,0,0,0,0,358,0,80,90,170,188
Assam,Bajali,60,13,17,3,33,27,30,5,3,6,14,16,0,0,0,0,0,0,90,18,20,9,47,43
Assam,Tamulpur,20,1,1,1,3,17,47,1,1,5,7,40,0,0,0,0,0,0,67,2,2,6,10,57
Bihar,Araria,31,7,4,4,15,16,302,42,80,80,202,100,0,0,0,0,0,0,333,49,84,84,217,116
Bihar,Arwal,26,7,5,5,17,9,90,1,12,41,54,36,0,0,0,0,0,0,116,8,17,46,71,45
Bihar,Aurangabad,60,7,17,18,42,18,101,9,21,23,53,48,0,0,0,0,0,0,161,16,38,41,95,66
Bihar,Bagaha,18,4,9,1,14,4,20,0,3,4,7,13,0,0,0,0,0,0,38,4,12,5,21,17
Bihar,Banka,18,1,3,2,6,12,103,1,19,26,46,57,0,0,0,0,0,0,121,2,22,28,52,69
Bihar,Begusarai,106,15,32,28,75,31,539,56,20,355,431,108,0,0,0,0,0,0,645,71,52,383,506,139
Bihar,Bettiah,55,10,5,13,28,27,302,20,31,158,209,93,0,0,0,0,0,0,357,30,36,171,237,120
Bihar,Kaimur(Bhabhua),45,4,8,13,25,20,290,3,26,154,183,107,0,0,0,0,0,0,335,7,34,167,208,127
Bihar,Bhagalpur,48,3,5,6,14,34,119,0,8,24,32,87,0,0,0,0,0,0,167,3,13,30,46,121
Bihar,Bhojpur,115,11,17,21,49,66,341,18,74,105,197,144,0,0,0,0,0,0,456,29,91,126,246,210
Bihar,Buxar,125,27,19,24,70,55,133,34,24,27,85,48,0,0,0,0,0,0,258,61,43,51,155,103
Bihar,Darbhanga,64,11,6,20,37,27,526,22,48,259,329,197,0,0,0,0,0,0,590,33,54,279,366,224
Bihar,Gaya,50,2,11,7,20,30,57,0,12,19,31,26,0,0,0,0,0,0,107,2,23,26,51,56
Bihar,Gopalganj,66,19,8,27,54,12,174,2,18,63,83,91,0,0,0,0,0,0,240,21,26,90,137,103
Bihar,Jamalpur Railway,0,0,0,0,0,0,0,0,0,0,0,0,0,0,0,0,0,0,0,0,0,0,0,0
Bihar,Jamui,40,2,10,5,17,23,191,1,23,101,125,66,0,0,0,0,0,0,231,3,33,106,142,89
Bihar,Jehanabad,39,10,3,3,16,23,160,25,41,48,114,46,0,0,0,0,0,0,199,35,44,51,130,69
Bihar,Katihar,14,2,7,2,11,3,44,5,6,15,26,18,0,0,0,0,0,0,58,7,13,17,37,21
Bihar,Katihar Railway,0,0,0,0,0,0,0,0,0,0,0,0,0,0,0,0,0,0,0,0,0,0,0,0
Bihar,Khagaria,59,5,11,21,37,22,286,2,50,152,204,82,0,0,0,0,0,0,345,7,61,173,241,104
Bihar,Kishanganj,36,1,2,1,4,32,129,7,32,33,72,57,0,0,0,0,0,0,165,8,34,34,76,89
Bihar,Lakhisarai,67,12,13,18,43,24,244,10,8,145,163,81,0,0,0,0,0,0,311,22,21,163,206,105
Bihar,Madhepura,34,5,6,5,16,18,152,6,29,45,80,72,0,0,0,0,0,0,186,11,35,50,96,90
Bihar,Madhubani,83,10,25,14,49,34,417,2,52,199,253,164,0,0,0,0,0,0,500,12,77,213,302,198
Bihar,Motihari,69,7,13,21,41,28,71,5,14,28,47,24,0,0,0,0,0,0,140,12,27,49,88,52
Bihar,Munger,60,4,10,6,20,40,3,0,0,0,0,3,0,0,0,0,0,0,63,4,10,6,20,43
Bihar,Muzaffarpur,135,13,27,40,80,55,997,8,95,489,592,405,0,0,0,0,0,0,1132,21,122,529,672,460
Bihar,Muzaffarpur Railway,6,0,0,0,0,6,4,0,0,0,0,4,0,0,0,0,0,0,10,0,0,0,0,10
Bihar,Nalanda,164,11,64,38,113,51,438,15,116,145,276,162,0,0,0,0,0,0,602,26,180,183,389,213
Bihar,Naugachia,40,11,13,4,28,12,168,7,24,58,89,79,0,0,0,0,0,0,208,18,37,62,117,91
Bihar,Nawadah,86,1,16,0,17,69,424,0,18,116,134,290,0,0,0,0,0,0,510,1,34,116,151,359
Bihar,Patna,401,9,93,87,189,212,1056,6,159,524,689,367,0,0,0,0,0,0,1457,15,252,611,878,579
Bihar,Patna Railway,7,2,3,1,6,1,11,0,1,2,3,8,0,0,0,0,0,0,18,2,4,3,9,9
Bihar,Purnea,61,14,17,12,43,18,42,5,15,6,26,16,0,0,0,0,0,0,103,19,32,18,69,34
Bihar,Rohtas,81,12,6,17,35,46,162,16,19,68,103,59,0,0,0,0,0,0,243,28,25,85,138,105
Bihar,Saharsa,44,5,7,11,23,21,161,9,39,53,101,60,0,0,0,0,0,0,205,14,46,64,124,81
Bihar,Samastipur,28,0,8,6,14,14,473,3,121,129,253,220,0,0,0,0,0,0,501,3,129,135,267,234
Bihar,Saran,102,8,12,8,28,74,727,21,171,262,454,273,0,0,0,0,0,0,829,29,183,270,482,347
Bihar,Sheikhpura,21,0,6,3,9,12,96,0,9,52,61,35,0,0,0,0,0,0,117,0,15,55,70,47
Bihar,Sheohar,2,0,0,1,1,1,90,0,18,49,67,23,0,0,0,0,0,0,92,0,18,50,68,24
Bihar,Sitamarhi,39,6,9,12,27,12,41,21,17,3,41,0,0,0,0,0,0,0,80,27,26,15,68,12
Bihar,Siwan,8,0,1,2,3,5,22,0,4,8,12,10,0,0,0,0,0,0,30,0,5,10,15,15
Bihar,Supaul,19,2,5,6,13,6,254,1,43,113,157,97,0,0,0,0,0,0,273,3,48,119,170,103
Bihar,Vaishali,71,21,5,28,54,17,181,13,14,62,89,92,0,0,0,0,0,0,252,34,19,90,143,109
Bihar,Economic Offences Unit,0,0,0,0,0,0,0,0,0,0,0,0,0,0,0,0,0,0,0,0,0,0,0,0
Bihar,Anti Terrorist Squad,0,0,0,0,0,0,0,0,0,0,0,0,0,0,0,0,0,0,0,0,0,0,0,0
Chhattisgarh,Balod,126,1,4,8,13,113,440,0,21,39,60,380,0,0,0,0,0,0,566,1,25,47,73,493
Chhattisgarh,Balodbazar,183,2,12,10,24,159,801,0,73,120,193,608,0,0,0,0,0,0,984,2,85,130,217,767
Chhattisgarh,Balrampur,71,5,6,3,14,57,276,2,36,46,84,192,0,0,0,0,0,0,347,7,42,49,98,249
Chhattisgarh,Bemetra,120,0,7,5,12,108,396,0,38,52,90,306,0,0,0,0,0,0,516,0,45,57,102,414
Chhattisgarh,Bilaspur,516,9,24,12,45,471,1391,6,153,199,358,1033,0,0,0,0,0,0,1907,15,177,211,403,1504
Chhattisgarh,Bizapur,16,1,2,2,5,11,30,0,10,1,11,19,0,0,0,0,0,0,46,1,12,3,16,30
Chhattisgarh,Dantewara,20,0,0,2,2,18,44,0,2,4,6,38,0,0,0,0,0,0,64,0,2,6,8,56
Chhattisgarh,Dhamtari,131,2,3,5,10,121,424,0,30,50,80,344,0,0,0,0,0,0,555,2,33,55,90,465
Chhattisgarh,Durg,471,7,35,13,55,416,1052,1,104,141,246,806,0,0,0,0,0,0,1523,8,139,154,301,1222
Chhattisgarh,Gariyaband,104,0,2,0,2,102,344,1,23,29,53,291,0,0,0,0,0,0,448,1,25,29,55,393
Chhattisgarh,Grp Raipur,13,1,2,0,3,10,17,0,0,3,3,14,0,0,0,0,0,0,30,1,2,3,6,24
Chhattisgarh,Jagdalpur,135,3,13,7,23,112,341,0,31,58,89,252,0,0,0,0,0,0,476,3,44,65,112,364
Chhattisgarh,Janjgir,343,6,26,20,52,291,1154,1,138,189,328,826,0,0,0,0,0,0,1497,7,164,209,380,1117
Chhattisgarh,Jashpur,70,3,7,4,14,56,324,5,52,49,106,218,0,0,0,0,0,0,394,8,59,53,120,274
Chhattisgarh,Kabirdham,167,1,3,11,15,152,478,2,39,78,119,359,0,0,0,0,0,0,645,3,42,89,134,511
Chhattisgarh,Kanker,101,0,5,2,7,94,390,4,37,41,82,308,0,0,0,0,0,0,491,4,42,43,89,402
Chhattisgarh,Kondagaon,88,4,11,3,18,70,196,1,12,26,39,157,0,0,0,0,0,0,284,5,23,29,57,227
Chhattisgarh,Korba,293,5,25,17,47,246,785,8,79,114,201,584,0,0,0,0,0,0,1078,13,104,131,248,830
Chhattisgarh,Koriya,53,1,7,1,9,44,159,0,13,26,39,120,0,0,0,0,0,0,212,1,20,27,48,164
Chhattisgarh,Mahasamund,209,0,5,11,16,193,687,36,108,0,144,543,0,0,0,0,0,0,896,36,113,11,160,736
Chhattisgarh,Mungali,84,0,4,2,6,78,347,2,33,50,85,262,0,0,0,0,0,0,431,2,37,52,91,340
Chhattisgarh,Narayanpur,4,0,1,0,1,3,12,0,3,1,4,8,0,0,0,0,0,0,16,0,4,1,5,11
Chhattisgarh,Raigarh,217,3,3,7,13,204,514,0,5,6,11,503,0,0,0,0,0,0,731,3,8,13,24,707
Chhattisgarh,Raipur,836,5,46,32,83,753,2183,7,187,263,457,1726,0,0,0,0,0,0,3019,12,233,295,540,2479
Chhattisgarh,Rajnandgaon,189,5,8,8,21,168,532,0,45,57,102,430,0,0,0,0,0,0,721,5,53,65,123,598
Chhattisgarh,Sarguja,176,4,16,4,24,152,471,4,55,51,110,361,0,0,0,0,0,0,647,8,71,55,134,513
Chhattisgarh,Sukma,31,0,5,5,10,21,42,0,5,3,8,34,0,0,0,0,0,0,73,0,10,8,18,55
Chhattisgarh,Surajpur,93,2,9,7,18,75,306,1,21,42,64,242,0,0,0,0,0,0,399,3,30,49,82,317
Chhattisgarh,Gaurela-Pendra-Marwari,59,0,5,3,8,51,186,0,20,32,52,134,0,0,0,0,0,0,245,0,25,35,60,185
Chhattisgarh,Khairagarh - Chhuikhadan-Gandai,74,0,0,4,4,70,227,0,4,48,52,175,0,0,0,0,0,0,301,0,4,52,56,245
Chhattisgarh,Manendragarh-Chirmiri-Bharatpur,69,3,5,3,11,58,182,1,21,37,59,123,0,0,0,0,0,0,251,4,26,40,70,181
Chhattisgarh,Mohla-Manpur-Ambagarh Chouki,23,0,2,1,3,20,141,0,8,12,20,121,0,0,0,0,0,0,164,0,10,13,23,141
Chhattisgarh,Sakti,0,0,0,0,0,0,0,0,0,0,0,0,0,0,0,0,0,0,0,0,0,0,0,0
Chhattisgarh,Sarangarh-Bilaigarh,0,0,0,0,0,0,0,0,0,0,0,0,0,0,0,0,0,0,0,0,0,0,0,0
Goa,North Goa,162,2,0,1,3,159,136,5,0,16,21,115,0,0,0,0,0,0,298,7,0,17,24,274
Goa,South Goa,158,1,0,0,1,157,145,0,1,1,2,143,0,0,0,0,0,0,303,1,1,1,3,300
Goa,Cid,10,0,0,0,0,10,0,0,0,0,0,0,0,0,0,0,0,0,10,0,0,0,0,10
Gujarat,Ahmedabad City,1224,15,32,8,55,1169,2436,11,161,79,251,2185,0,0,0,0,0,0,3660,26,193,87,306,3354
Gujarat,Ahmedabad Rural,127,13,0,1,14,113,224,11,1,0,12,212,0,0,0,0,0,0,351,24,1,1,26,325
Gujarat,Amreli,35,0,0,0,0,35,102,0,0,0,0,102,0,0,0,0,0,0,137,0,0,0,0,137
Gujarat,Anand,144,0,0,0,0,144,363,0,0,0,0,363,0,0,0,0,0,0,507,0,0,0,0,507
Gujarat,Arvalli,72,0,0,1,1,71,234,0,1,0,1,233,0,0,0,0,0,0,306,0,1,1,2,304
Gujarat,Banaskantha,192,0,0,0,0,192,474,0,0,0,0,474,0,0,0,0,0,0,666,0,0,0,0,666
Gujarat,Bharuch,249,18,2,0,20,229,303,24,0,0,24,279,0,0,0,0,0,0,552,42,2,0,44,508
Gujarat,Bhavnagar,68,0,5,0,5,63,254,0,0,79,79,175,0,0,0,0,0,0,322,0,5,79,84,238
Gujarat,Botad,33,1,0,1,2,31,155,2,17,18,37,118,0,0,0,0,0,0,188,3,17,19,39,149
Gujarat,Chhotaudepur,26,2,0,0,2,24,39,2,0,0,2,37,0,0,0,0,0,0,65,4,0,0,4,61
Gujarat,Cid Crime,0,0,0,0,0,0,0,0,0,0,0,0,0,0,0,0,0,0,0,0,0,0,0,0
Gujarat,Dahod,25,1,2,0,3,22,212,2,45,92,139,73,0,0,0,0,0,0,237,3,47,92,142,95
Gujarat,Dang,0,0,0,0,0,0,0,0,0,0,0,0,0,0,0,0,0,0,0,0,0,0,0,0
Gujarat,Devbhumi Dwarka,38,4,0,0,4,34,94,11,0,0,11,83,0,0,0,0,0,0,132,15,0,0,15,117
Gujarat,Gandhinagar,303,26,4,1,31,272,608,42,4,1,47,561,0,0,0,0,0,0,911,68,8,2,78,833
Gujarat,Gir Somnath,14,2,0,0,2,12,26,1,0,0,1,25,0,0,0,0,0,0,40,3,0,0,3,37
Gujarat,Jamnagar,52,8,0,0,8,44,80,7,0,0,7,73,0,0,0,0,0,0,132,15,0,0,15,117
Gujarat,Junagadh,34,2,1,3,6,28,109,2,34,46,82,27,0,0,0,0,0,0,143,4,35,49,88,55
Gujarat,Kachchh East(G),176,2,7,3,12,164,372,1,26,35,62,310,0,0,0,0,0,0,548,3,33,38,74,474
Gujarat,Kachchh West(B),103,1,5,2,8,95,267,2,22,16,40,227,0,0,0,0,0,0,370,3,27,18,48,322
Gujarat,Kheda,137,0,0,0,0,137,238,0,0,1,1,237,0,0,0,0,0,0,375,0,0,1,1,374
Gujarat,Mahisagar,43,10,3,1,14,29,148,6,15,22,43,105,0,0,0,0,0,0,191,16,18,23,57,134
Gujarat,Mehsana,230,0,0,0,0,230,722,0,0,0,0,722,0,0,0,0,0,0,952,0,0,0,0,952
Gujarat,Morbi,29,0,0,0,0,29,27,0,0,0,0,27,0,0,0,0,0,0,56,0,0,0,0,56
Gujarat,Narmada,19,4,0,0,4,15,35,1,0,0,1,34,0,0,0,0,0,0,54,5,0,0,5,49
Gujarat,Navsari,70,4,1,1,6,64,68,1,0,2,3,65,0,0,0,0,0,0,138,5,1,3,9,129
Gujarat,Panchmahal,52,1,0,0,1,51,76,4,0,0,4,72,0,0,0,0,0,0,128,5,0,0,5,123
Gujarat,Patan,85,0,0,1,1,84,385,0,4,8,12,373,0,0,0,0,0,0,470,0,4,9,13,457
Gujarat,Porbandar,34,4,0,0,4,30,60,6,0,0,6,54,0,0,0,0,0,0,94,10,0,0,10,84
Gujarat,Rajkot City,400,0,0,0,0,400,524,0,0,0,0,524,0,0,0,0,0,0,924,0,0,0,0,924
Gujarat,Rajkot Rural,107,0,0,0,0,107,338,0,0,0,0,338,0,0,0,0,0,0,445,0,0,0,0,445
Gujarat,Sabarkantha,115,6,2,0,8,107,220,9,0,0,9,211,0,0,0,0,0,0,335,15,2,0,17,318
Gujarat,Surat City,894,76,19,4,99,795,1281,62,31,32,125,1156,0,0,0,0,0,0,2175,138,50,36,224,1951
Gujarat,Surat Rural,78,7,0,0,7,71,77,6,0,0,6,71,0,0,0,0,0,0,155,13,0,0,13,142
Gujarat,Surendranagar,30,2,0,0,2,28,69,2,0,0,2,67,0,0,0,0,0,0,99,4,0,0,4,95
Gujarat,Tapi,29,3,1,0,4,25,30,2,0,0,2,28,0,0,0,0,0,0,59,5,1,0,6,53
Gujarat,Vadodara City,300,2,12,7,21,279,467,1,37,51,89,378,0,0,0,0,0,0,767,3,49,58,110,657
Gujarat,Vadodara Rural,85,0,1,0,1,84,121,0,0,0,0,121,0,0,0,0,0,0,206,0,1,0,1,205
Gujarat,Valsad,136,6,1,0,7,129,195,9,0,0,9,186,0,0,0,0,0,0,331,15,1,0,16,315
Gujarat,W Rly Ahmedabad,12,4,2,1,7,5,14,1,2,0,3,11,0,0,0,0,0,0,26,5,4,1,10,16
Gujarat,W Rly Vadodara,12,0,0,0,0,12,5,0,1,1,2,3,0,0,0,0,0,0,17,0,1,1,2,15
Gujarat,Cyber Ahmedabad Range,0,0,0,0,0,0,0,0,0,0,0,0,0,0,0,0,0,0,0,0,0,0,0,0
Gujarat,Cyber Bhavnagar Range,0,0,0,0,0,0,0,0,0,0,0,0,0,0,0,0,0,0,0,0,0,0,0,0
Gujarat,Cyber Border Range,0,0,0,0,0,0,0,0,0,0,0,0,0,0,0,0,0,0,0,0,0,0,0,0
Gujarat,Cyber Gandhinagar Range,0,0,0,0,0,0,0,0,0,0,0,0,0,0,0,0,0,0,0,0,0,0,0,0
Gujarat,Cyber Junagadh Range,0,0,0,0,0,0,0,0,0,0,0,0,0,0,0,0,0,0,0,0,0,0,0,0
Gujarat,Cyber Panchmahal Range,0,0,0,0,0,0,0,0,0,0,0,0,0,0,0,0,0,0,0,0,0,0,0,0
Gujarat,Cyber Rajkot Range,0,0,0,0,0,0,0,0,0,0,0,0,0,0,0,0,0,0,0,0,0,0,0,0
Gujarat,Cyber Surat Range,0,0,0,0,0,0,0,0,0,0,0,0,0,0,0,0,0,0,0,0,0,0,0,0
Gujarat,Cyber Vadodara Range,0,0,0,0,0,0,0,0,0,0,0,0,0,0,0,0,0,0,0,0,0,0,0,0
Haryana,Ambala,96,6,5,1,12,84,174,9,4,2,15,159,0,0,0,0,0,0,270,15,9,3,27,243
Haryana,Bhiwani,149,0,7,13,20,129,471,1,5,19,25,446,0,0,0,0,0,0,620,1,12,32,45,575
Haryana,Faridabad,529,69,3,1,73,456,975,55,6,1,62,913,0,0,0,0,0,0,1504,124,9,2,135,1369
Haryana,Fatehabad,173,29,3,3,35,138,442,23,1,3,27,415,0,0,0,0,0,0,615,52,4,6,62,553
Haryana,Grp,17,2,0,1,3,14,14,2,0,1,3,11,0,0,0,0,0,0,31,4,0,2,6,25
Haryana,Gurugram,516,15,41,20,76,440,1221,5,142,155,302,919,0,0,0,0,0,0,1737,20,183,175,378,1359
Haryana,Hissar,321,4,8,12,24,297,692,0,6,11,17,675,0,0,0,0,0,0,1013,4,14,23,41,972
Haryana,Jhajjar,257,3,1,2,6,251,489,2,1,2,5,484,0,0,0,0,0,0,746,5,2,4,11,735
Haryana,Jind,0,0,0,0,0,0,0,0,0,0,0,0,0,0,0,0,0,0,0,0,0,0,0,0
Haryana,Kaithal,259,25,17,10,52,207,371,38,11,28,77,294,0,0,0,0,0,0,630,63,28,38,129,501
Haryana,Karnal,558,11,42,36,89,469,1141,7,74,116,197,944,0,0,0,0,0,0,1699,18,116,152,286,1413
Haryana,Kurukshetra,260,8,5,3,16,244,361,11,2,8,21,340,0,0,0,0,0,0,621,19,7,11,37,584
Haryana,Mahendergarh,152,20,2,6,28,124,375,12,3,4,19,356,0,0,0,0,0,0,527,32,5,10,47,480
Haryana,Nuh,40,0,1,1,2,38,102,0,1,3,4,98,0,0,0,0,0,0,142,0,2,4,6,136
Haryana,Palwal,160,7,10,11,28,132,319,5,9,23,37,282,0,0,0,0,0,0,479,12,19,34,65,414
Haryana,Panchkula,140,0,8,16,24,116,321,6,31,63,100,221,0,0,0,0,0,0,461,6,39,79,124,337
Haryana,Panipat,731,85,82,45,212,519,1321,80,147,144,371,950,0,0,0,0,0,0,2052,165,229,189,583,1469
Haryana,Rewari,327,24,35,16,75,252,568,28,59,46,133,435,0,0,0,0,0,0,895,52,94,62,208,687
Haryana,Rohtak,358,3,11,2,16,342,582,2,1,1,4,578,0,0,0,0,0,0,940,5,12,3,20,920
Haryana,Sirsa,144,3,13,12,28,116,545,13,56,106,175,370,0,0,0,0,0,0,689,16,69,118,203,486
Haryana,Sonipat,515,56,52,24,132,383,919,49,79,102,230,689,0,0,0,0,0,0,1434,105,131,126,362,1072
Haryana,Yamunanagar,378,41,22,15,78,300,637,28,51,76,155,482,0,0,0,0,0,0,1015,69,73,91,233,782
Haryana,Irrigation & Power,0,0,0,0,0,0,0,0,0,0,0,0,0,0,0,0,0,0,0,0,0,0,0,0
Haryana,Charkhi Dadri,64,0,0,1,1,63,189,0,0,0,0,189,0,0,0,0,0,0,253,0,0,1,1,252
Haryana,Hansi,25,0,13,12,25,0,292,0,4,12,16,276,0,0,0,0,0,0,317,0,17,24,41,276
Haryana,Dabwali,62,1,2,2,5,57,161,0,0,0,0,161,0,0,0,0,0,0,223,1,2,2,5,218
Himachal Pradesh,Baddi,112,0,6,4,10,102,236,1,23,14,38,198,0,0,0,0,0,0,348,1,29,18,48,300
Himachal Pradesh,Bilaspur,74,4,1,3,8,66,178,0,8,10,18,160,0,0,0,0,0,0,252,4,9,13,26,226
Himachal Pradesh,Chamba,42,0,0,2,2,40,156,0,0,28,28,128,0,0,0,0,0,0,198,0,0,30,30,168
Himachal Pradesh,Cid,0,0,0,0,0,0,0,0,0,0,0,0,0,0,0,0,0,0,0,0,0,0,0,0
Himachal Pradesh,Grp,0,0,0,0,0,0,0,0,0,0,0,0,0,0,0,0,0,0,0,0,0,0,0,0
Himachal Pradesh,Hamirpur,57,0,2,3,5,52,122,0,5,16,21,101,0,0,0,0,0,0,179,0,7,19,26,153
Himachal Pradesh,Kangra,124,0,2,0,2,122,279,1,11,21,33,246,0,0,0,0,0,0,403,1,13,21,35,368
Himachal Pradesh,Kinnaur,19,0,0,1,1,18,27,0,4,3,7,20,0,0,0,0,0,0,46,0,4,4,8,38
Himachal Pradesh,Kullu,76,0,2,4,6,70,94,1,7,6,14,80,0,0,0,0,0,0,170,1,9,10,20,150
Himachal Pradesh,Lahaul & Spiti,11,0,0,0,0,11,2,0,0,0,0,2,0,0,0,0,0,0,13,0,0,0,0,13
Himachal Pradesh,Mandi,67,0,3,2,5,62,210,0,14,16,30,180,0,0,0,0,0,0,277,0,17,18,35,242
Himachal Pradesh,Shimla,10,1,3,3,7,3,37,0,18,19,37,0,0,0,0,0,0,0,47,1,21,22,44,3
Himachal Pradesh,Sirmaur,61,1,3,0,4,57,115,1,7,9,17,98,0,0,0,0,0,0,176,2,10,9,21,155
Himachal Pradesh,Solan,70,0,4,2,6,64,146,1,17,27,45,101,0,0,0,0,0,0,216,1,21,29,51,165
Himachal Pradesh,Una,37,0,5,3,8,29,60,1,12,15,28,32,0,0,0,0,0,0,97,1,17,18,36,61
Himachal Pradesh,Cyber,0,0,0,0,0,0,0,0,0,0,0,0,0,0,0,0,0,0,0,0,0,0,0,0
Himachal Pradesh,Nurpur,47,0,0,2,2,45,137,0,0,19,19,118,0,0,0,0,0,0,184,0,0,21,21,163
Jharkhand,Bokaro,0,0,0,0,0,0,0,0,0,0,0,0,0,0,0,0,0,0,0,0,0,0,0,0
Jharkhand,Chaibasa,88,5,7,21,33,55,65,3,7,16,26,39,0,0,0,0,0,0,153,8,14,37,59,94
Jharkhand,Chatra,25,3,2,2,7,18,48,3,1,1,5,43,0,0,0,0,0,0,73,6,3,3,12,61
Jharkhand,Deoghar,27,0,5,3,8,19,33,1,1,2,4,29,0,0,0,0,0,0,60,1,6,5,12,48
Jharkhand,Dhanbad,138,0,0,21,21,117,218,0,0,33,33,185,0,0,0,0,0,0,356,0,0,54,54,302
Jharkhand,Dhanbad Railway,7,0,0,0,0,7,2,0,0,0,0,2,0,0,0,0,0,0,9,0,0,0,0,9
Jharkhand,Dumka,23,0,0,4,4,19,43,0,0,16,16,27,0,0,0,0,0,0,66,0,0,20,20,46
Jharkhand,Garhwa,79,3,6,10,19,60,95,3,13,15,31,64,0,0,0,0,0,0,174,6,19,25,50,124
Jharkhand,Giridih,5,0,1,2,3,2,20,0,0,15,15,5,0,0,0,0,0,0,25,0,1,17,18,7
Jharkhand,Godda,13,0,13,0,13,0,0,0,0,0,0,0,0,0,0,0,0,0,13,0,13,0,13,0
Jharkhand,Gumla,67,2,1,6,9,58,94,7,6,8,21,73,0,0,0,0,0,0,161,9,7,14,30,131
Jharkhand,Hazaribagh,70,6,6,6,18,52,113,7,5,17,29,84,0,0,0,0,0,0,183,13,11,23,47,136
Jharkhand,Jamshedpur,193,4,9,12,25,168,345,2,21,54,77,268,0,0,0,0,0,0,538,6,30,66,102,436
Jharkhand,Jamshedpur Railway,9,0,0,0,0,9,3,0,0,0,0,3,0,0,0,0,0,0,12,0,0,0,0,12
Jharkhand,Jamtara,45,0,0,7,7,38,19,0,0,5,5,14,0,0,0,0,0,0,64,0,0,12,12,52
Jharkhand,Khunti,11,1,8,1,10,1,27,4,21,2,27,0,0,0,0,0,0,0,38,5,29,3,37,1
Jharkhand,Koderma,0,0,0,0,0,0,0,0,0,0,0,0,0,0,0,0,0,0,0,0,0,0,0,0
Jharkhand,Latehar,15,1,1,2,4,11,11,1,2,3,6,5,0,0,0,0,0,0,26,2,3,5,10,16
Jharkhand,Lohardagga,7,0,2,5,7,0,18,0,9,9,18,0,0,0,0,0,0,0,25,0,11,14,25,0
Jharkhand,Pakur,0,0,0,0,0,0,14,0,14,0,14,0,0,0,0,0,0,0,14,0,14,0,14,0
Jharkhand,Palamu,51,0,0,15,15,36,80,0,0,35,35,45,0,0,0,0,0,0,131,0,0,50,50,81
Jharkhand,Ramgarh,5,0,1,0,1,4,5,0,0,5,5,0,0,0,0,0,0,0,10,0,1,5,6,4
Jharkhand,Ranchi,4,0,3,0,3,1,3,0,3,0,3,0,0,0,0,0,0,0,7,0,6,0,6,1
Jharkhand,Sahebganj,0,0,0,0,0,0,0,0,0,0,0,0,0,0,0,0,0,0,0,0,0,0,0,0
Jharkhand,Saraikela,0,0,0,0,0,0,0,0,0,0,0,0,0,0,0,0,0,0,0,0,0,0,0,0
Jharkhand,Simdega,53,0,3,0,3,50,71,0,14,0,14,57,0,0,0,0,0,0,124,0,17,0,17,107
Karnataka,Bagalkot,131,24,3,0,27,104,267,18,2,0,20,247,0,0,0,0,0,0,398,42,5,0,47,351
Karnataka,Bengaluru City,2704,185,23,1,209,2495,3534,205,24,4,233,3301,0,0,0,0,0,0,6238,390,47,5,442,5796
Karnataka,Bengaluru District,557,47,0,0,47,510,942,64,0,0,64,878,0,0,0,0,0,0,1499,111,0,0,111,1388
Karnataka,Belagavi District,238,27,3,0,30,208,424,34,0,4,38,386,0,0,0,0,0,0,662,61,3,4,68,594
Karnataka,Ballari,107,8,1,0,9,98,147,6,2,0,8,139,0,0,0,0,0,0,254,14,3,0,17,237
Karnataka,Bidar,114,10,0,5,15,99,228,1,0,11,12,216,0,0,0,0,0,0,342,11,0,16,27,315
Karnataka,Vijayapura,149,38,2,0,40,109,381,40,0,0,40,341,0,0,0,0,0,0,530,78,2,0,80,450
Karnataka,Chikkaballapura,143,26,3,0,29,114,527,33,2,0,35,492,0,0,0,0,0,0,670,59,5,0,64,606
Karnataka,Chamarajnagar,157,4,8,13,25,132,293,2,8,14,24,269,0,0,0,0,0,0,450,6,16,27,49,401
Karnataka,Chikkamagaluru,166,9,4,0,13,153,269,13,5,1,19,250,0,0,0,0,0,0,435,22,9,1,32,403
Karnataka,Chitradurga,270,22,2,0,24,246,682,17,15,0,32,650,0,0,0,0,0,0,952,39,17,0,56,896
Karnataka,Dakshina Kannada,76,7,0,0,7,69,85,10,0,0,10,75,0,0,0,0,0,0,161,17,0,0,17,144
Karnataka,Davanagere,269,25,0,0,25,244,646,33,0,0,33,613,0,0,0,0,0,0,915,58,0,0,58,857
Karnataka,Dharwad,82,4,4,2,10,72,218,2,2,4,8,210,0,0,0,0,0,0,300,6,6,6,18,282
Karnataka,Gadag,76,13,1,1,15,61,188,8,1,1,10,178,0,0,0,0,0,0,264,21,2,2,25,239
Karnataka,Kalaburgi,74,18,1,0,19,55,157,10,0,0,10,147,0,0,0,0,0,0,231,28,1,0,29,202
Karnataka,Hassan,225,26,5,0,31,194,361,23,2,0,25,336,0,0,0,0,0,0,586,49,7,0,56,530
Karnataka,Haveri,185,8,0,0,8,177,398,13,0,0,13,385,0,0,0,0,0,0,583,21,0,0,21,562
Karnataka,Hubballi Dharwad City,192,20,1,0,21,171,274,18,0,3,21,253,0,0,0,0,0,0,466,38,1,3,42,424
Karnataka,Kgf,76,14,2,0,16,60,173,6,0,0,6,167,0,0,0,0,0,0,249,20,2,0,22,227
Karnataka,Kodagu,117,12,0,0,12,105,138,7,0,0,7,131,0,0,0,0,0,0,255,19,0,0,19,236
Karnataka,Kolar,151,20,0,0,20,131,429,24,0,0,24,405,0,0,0,0,0,0,580,44,0,0,44,536
Karnataka,Koppal,79,18,0,0,18,61,199,12,0,0,12,187,0,0,0,0,0,0,278,30,0,0,30,248
Karnataka,Mandya,258,29,0,0,29,229,456,26,4,0,30,426,0,0,0,0,0,0,714,55,4,0,59,655
Karnataka,Mangaluru City,120,7,2,0,9,111,102,8,0,0,8,94,0,0,0,0,0,0,222,15,2,0,17,205
Karnataka,Mysuru City,199,12,3,0,15,184,283,16,4,1,21,262,0,0,0,0,0,0,482,28,7,1,36,446
Karnataka,Mysuru District,309,23,1,0,24,285,551,28,3,0,31,520,0,0,0,0,0,0,860,51,4,0,55,805
Karnataka,Raichur,108,12,1,0,13,95,204,11,0,0,11,193,0,0,0,0,0,0,312,23,1,0,24,288
Karnataka,Krailways,27,0,0,1,1,26,21,0,0,2,2,19,0,0,0,0,0,0,48,0,0,3,3,45
Karnataka,Ramanagara,297,26,0,0,26,271,520,43,0,0,43,477,0,0,0,0,0,0,817,69,0,0,69,748
Karnataka,Shimoga,293,24,2,0,26,267,581,28,6,0,34,547,0,0,0,0,0,0,874,52,8,0,60,814
Karnataka,Tumakuru,381,33,3,0,36,345,730,34,4,1,39,691,0,0,0,0,0,0,1111,67,7,1,75,1036
Karnataka,Udupi,156,5,2,1,8,148,123,7,0,4,11,112,0,0,0,0,0,0,279,12,2,5,19,260
Karnataka,Uttara Kannada,148,9,0,0,9,139,253,8,3,0,11,242,0,0,0,0,0,0,401,17,3,0,20,381
Karnataka,Yadgiri,43,0,0,0,0,43,102,2,0,0,2,100,0,0,0,0,0,0,145,2,0,0,2,143
Karnataka,Belagavi City,114,13,0,0,13,101,169,5,3,1,9,160,0,0,0,0,0,0,283,18,3,1,22,261
Karnataka,Kalaburgi City,98,7,0,0,7,91,167,15,0,0,15,152,0,0,0,0,0,0,265,22,0,0,22,243
Karnataka,Vijayanagara,81,2,4,3,9,72,198,3,6,4,13,185,0,0,0,0,0,0,279,5,10,7,22,257
Kerala,Alapuzha,430,18,44,34,96,334,542,23,20,38,81,461,0,0,0,0,0,0,972,41,64,72,177,795
Kerala,Ernakulam Commr,316,14,12,20,46,270,209,10,6,13,29,180,0,0,0,0,0,0,525,24,18,33,75,450
Kerala,Ernakulam Rural,400,7,20,10,37,363,376,12,32,22,66,310,0,0,0,0,0,0,776,19,52,32,103,673
Kerala,Idukki,171,22,11,9,42,129,265,22,21,36,79,186,0,0,0,0,0,0,436,44,32,45,121,315
Kerala,Kannur City,121,16,11,13,40,81,155,12,3,14,29,126,0,0,0,0,0,0,276,28,14,27,69,207
Kerala,Kasargod,128,7,9,3,19,109,128,16,1,12,29,99,0,0,0,0,0,0,256,23,10,15,48,208
Kerala,Kollam Commr,305,35,34,32,101,204,465,26,23,28,77,388,0,0,0,0,0,0,770,61,57,60,178,592
Kerala,Kollam Rural,277,17,18,27,62,215,506,12,19,49,80,426,0,0,0,0,0,0,783,29,37,76,142,641
Kerala,Kottayam,391,29,21,18,68,323,408,14,16,23,53,355,0,0,0,0,0,0,799,43,37,41,121,678
Kerala,Kozhikode Commr,199,5,37,16,58,141,177,4,11,29,44,133,0,0,0,0,0,0,376,9,48,45,102,274
Kerala,Kozhikode Rural,330,24,31,49,104,226,400,38,14,17,69,331,0,0,0,0,0,0,730,62,45,66,173,557
Kerala,Malappuram,395,27,67,43,137,258,481,35,32,38,105,376,0,0,0,0,0,0,876,62,99,81,242,634
Kerala,Palakkad,317,32,33,13,78,239,390,30,15,35,80,310,0,0,0,0,0,0,707,62,48,48,158,549
Kerala,Pathanamthitta,219,18,20,6,44,175,285,12,16,28,56,229,0,0,0,0,0,0,504,30,36,34,100,404
Kerala,Railways,13,0,0,0,0,13,2,0,0,0,0,2,0,0,0,0,0,0,15,0,0,0,0,15
Kerala,Thrissur Commr,290,17,16,26,59,231,313,18,18,23,59,254,0,0,0,0,0,0,603,35,34,49,118,485
Kerala,Thrissur Rural,137,5,7,10,22,115,169,3,10,27,40,129,0,0,0,0,0,0,306,8,17,37,62,244
Kerala,Trivandrum Commr,214,8,16,27,51,163,240,7,14,27,48,192,0,0,0,0,0,0,454,15,30,54,99,355
Kerala,Trivandrum Rural,354,19,23,19,61,293,552,15,16,27,58,494,0,0,0,0,0,0,906,34,39,46,119,787
Kerala,Wayanadu,135,3,5,14,22,113,197,4,7,43,54,143,0,0,0,0,0,0,332,7,12,57,76,256
Kerala,Crime Branch,3,0,0,0,0,3,0,0,0,0,0,0,0,0,0,0,0,0,3,0,0,0,0,3
Kerala,Kannur Rural,100,7,8,15,30,70,135,15,12,10,37,98,0,0,0,0,0,0,235,22,20,25,67,168
Madhya Pradesh,Agar,88,1,4,1,6,82,215,2,25,13,40,175,0,0,0,0,0,0,303,3,29,14,46,257
Madhya Pradesh,Alirajpur,63,2,0,2,4,59,552,1,34,115,150,402,0,0,0,0,0,0,615,3,34,117,154,461
Madhya Pradesh,Anuppur,158,7,8,11,26,132,576,0,78,85,163,413,0,0,0,0,0,0,734,7,86,96,189,545
Madhya Pradesh,Ashok Nagar,189,4,11,13,28,161,430,0,31,79,110,320,0,0,0,0,0,0,619,4,42,92,138,481
Madhya Pradesh,Balaghat,393,2,12,19,33,360,1044,2,69,131,202,842,0,0,0,0,0,0,1437,4,81,150,235,1202
Madhya Pradesh,Barwani,176,3,4,4,11,165,741,3,96,127,226,515,0,0,0,0,0,0,917,6,100,131,237,680
Madhya Pradesh,Betul,362,4,20,10,34,328,1165,2,72,148,222,943,0,0,0,0,0,0,1527,6,92,158,256,1271
Madhya Pradesh,Bhind,286,7,33,27,67,219,536,11,35,94,140,396,0,0,0,0,0,0,822,18,68,121,207,615
Madhya Pradesh,Bhopal Commissionarate,235,32,132,63,227,8,431,11,185,231,427,4,0,0,0,0,0,0,666,43,317,294,654,12
Madhya Pradesh,Bhopal Railway,64,3,0,0,3,61,65,1,0,4,5,60,0,0,0,0,0,0,129,4,0,4,8,121
Madhya Pradesh,Burhanpur,180,13,12,5,30,150,390,10,31,41,82,308,0,0,0,0,0,0,570,23,43,46,112,458
Madhya Pradesh,Chhatarpur,60,7,27,26,60,0,240,1,87,152,240,0,0,0,0,0,0,0,300,8,114,178,300,0
Madhya Pradesh,Chhindwara,440,8,20,13,41,399,1330,5,90,149,244,1086,0,0,0,0,0,0,1770,13,110,162,285,1485
Madhya Pradesh,Damoh,0,0,0,0,0,0,0,0,0,0,0,0,0,0,0,0,0,0,0,0,0,0,0,0
Madhya Pradesh,Datia,147,3,9,10,22,125,319,1,29,45,75,244,0,0,0,0,0,0,466,4,38,55,97,369
Madhya Pradesh,Dewas,383,9,11,21,41,342,1098,13,59,195,267,831,0,0,0,0,0,0,1481,22,70,216,308,1173
Madhya Pradesh,Dhar,445,5,22,10,37,408,1858,5,178,267,450,1408,0,0,0,0,0,0,2303,10,200,277,487,1816
Madhya Pradesh,Dindori,103,1,10,6,17,86,550,2,72,103,177,373,0,0,0,0,0,0,653,3,82,109,194,459
Madhya Pradesh,Guna,301,9,19,13,41,260,700,3,65,82,150,550,0,0,0,0,0,0,1001,12,84,95,191,810
Madhya Pradesh,Gwalior,940,18,72,57,147,793,1386,8,120,161,289,1097,0,0,0,0,0,0,2326,26,192,218,436,1890
Madhya Pradesh,Harda,201,3,8,10,21,180,534,0,23,59,82,452,0,0,0,0,0,0,735,3,31,69,103,632
Madhya Pradesh,Narmadapuram,443,6,9,34,49,394,1067,0,37,187,224,843,0,0,0,0,0,0,1510,6,46,221,273,1237
Madhya Pradesh,Indore Commissionarate,1795,22,103,69,194,1601,3036,21,257,389,667,2369,0,0,0,0,0,0,4831,43,360,458,861,3970
Madhya Pradesh,Indore Railway,14,0,1,0,1,13,28,0,0,1,1,27,0,0,0,0,0,0,42,0,1,1,2,40
Madhya Pradesh,Jabalpur,1185,20,69,64,153,1032,2078,8,181,271,460,1618,0,0,0,0,0,0,3263,28,250,335,613,2650
Madhya Pradesh,Jabalpur Railway,0,0,0,0,0,0,0,0,0,0,0,0,0,0,0,0,0,0,0,0,0,0,0,0
Madhya Pradesh,Jhabua,130,2,2,1,5,125,851,7,167,70,244,607,0,0,0,0,0,0,981,9,169,71,249,732
Madhya Pradesh,Katni,361,6,28,17,51,310,968,6,108,117,231,737,0,0,0,0,0,0,1329,12,136,134,282,1047
Madhya Pradesh,Khandwa,322,2,15,10,27,295,1067,7,79,96,182,885,0,0,0,0,0,0,1389,9,94,106,209,1180
Madhya Pradesh,Khargone,434,30,17,11,58,376,1555,36,173,200,409,1146,0,0,0,0,0,0,1989,66,190,211,467,1522
Madhya Pradesh,Mandla,229,3,10,8,21,208,821,2,72,134,208,613,0,0,0,0,0,0,1050,5,82,142,229,821
Madhya Pradesh,Mandsaur,379,1,14,20,35,344,820,0,83,53,136,684,0,0,0,0,0,0,1199,1,97,73,171,1028
Madhya Pradesh,Morena,301,2,29,28,59,242,479,3,37,19,59,420,0,0,0,0,0,0,780,5,66,47,118,662
Madhya Pradesh,Narsinghpur,468,8,16,17,41,427,910,2,56,121,179,731,0,0,0,0,0,0,1378,10,72,138,220,1158
Madhya Pradesh,Neemuch,195,4,8,6,18,177,587,1,65,34,100,487,0,0,0,0,0,0,782,5,73,40,118,664
Madhya Pradesh,Panna,227,4,22,11,37,190,615,5,106,48,159,456,0,0,0,0,0,0,842,9,128,59,196,646
Madhya Pradesh,Raisen,387,7,24,17,48,339,1123,4,96,173,273,850,0,0,0,0,0,0,1510,11,120,190,321,1189
Madhya Pradesh,Rajgarh,250,3,14,12,29,221,755,4,26,119,149,606,0,0,0,0,0,0,1005,7,40,131,178,827
Madhya Pradesh,Ratlam,445,5,8,19,32,413,1524,3,107,294,404,1120,0,0,0,0,0,0,1969,8,115,313,436,1533
Madhya Pradesh,Rewa,92,17,41,31,89,3,344,56,136,150,342,2,0,0,0,0,0,0,436,73,177,181,431,5
Madhya Pradesh,Sagar,864,36,58,33,127,737,1758,15,158,271,444,1314,0,0,0,0,0,0,2622,51,216,304,571,2051
Madhya Pradesh,Satna,1094,17,64,42,123,971,2096,9,90,166,265,1831,0,0,0,0,0,0,3190,26,154,208,388,2802
Madhya Pradesh,Seoni,377,5,17,7,29,348,1025,10,61,146,217,808,0,0,0,0,0,0,1402,15,78,153,246,1156
Madhya Pradesh,Shahdol,263,14,45,18,77,186,808,3,137,110,250,558,0,0,0,0,0,0,1071,17,182,128,327,744
Madhya Pradesh,Shajapur,135,11,28,17,56,79,352,0,40,94,134,218,0,0,0,0,0,0,487,11,68,111,190,297
Madhya Pradesh,Sheopur,60,0,4,6,10,50,233,3,12,44,59,174,0,0,0,0,0,0,293,3,16,50,69,224
Madhya Pradesh,Shivpuri,401,7,16,19,42,359,827,5,59,86,150,677,0,0,0,0,0,0,1228,12,75,105,192,1036
Madhya Pradesh,Sidhi,206,7,22,14,43,163,819,3,69,115,187,632,0,0,0,0,0,0,1025,10,91,129,230,795
Madhya Pradesh,Sehore,333,8,18,18,44,289,925,8,36,153,197,728,0,0,0,0,0,0,1258,16,54,171,241,1017
Madhya Pradesh,Singrauli,191,14,27,15,56,135,583,14,79,105,198,385,0,0,0,0,0,0,774,28,106,120,254,520
Madhya Pradesh,Tikamgarh,90,1,16,13,30,60,274,2,52,79,133,141,0,0,0,0,0,0,364,3,68,92,163,201
Madhya Pradesh,Ujjain,572,9,39,28,76,496,1249,6,61,213,280,969,0,0,0,0,0,0,1821,15,100,241,356,1465
Madhya Pradesh,Umaria,130,2,17,3,22,108,388,0,48,3,51,337,0,0,0,0,0,0,518,2,65,6,73,445
Madhya Pradesh,Vidisha,442,4,3,28,35,407,998,4,63,176,243,755,0,0,0,0,0,0,1440,8,66,204,278,1162
Madhya Pradesh,Cyber Crime Cell,0,0,0,0,0,0,0,0,0,0,0,0,0,0,0,0,0,0,0,0,0,0,0,0
Madhya Pradesh,Niwari,87,2,9,3,14,73,195,0,10,23,33,162,0,0,0,0,0,0,282,2,19,26,47,235
Madhya Pradesh,Bhopal Rural,18,0,3,15,18,0,47,2,19,25,46,1,0,0,0,0,0,0,65,2,22,40,64,1
Madhya Pradesh,Indore Rural,328,1,18,10,29,299,879,2,99,131,232,647,0,0,0,0,0,0,1207,3,117,141,261,946
Madhya Pradesh,Pandhurna,3,0,2,1,3,0,40,0,19,21,40,0,0,0,0,0,0,0,43,0,21,22,43,0
Madhya Pradesh,Maihar,117,6,20,12,38,79,352,0,40,94,134,218,0,0,0,0,0,0,469,6,60,106,172,297
Madhya Pradesh,Mauganj,24,3,15,6,24,0,96,3,28,65,96,0,0,0,0,0,0,0,120,6,43,71,120,0
Maharashtra,Ahilyanagar,1294,57,10,0,67,1227,2021,55,23,0,78,1943,0,0,0,0,0,0,3315,112,33,0,145,3170
Maharashtra,Akola,464,35,0,0,35,429,782,29,0,0,29,753,0,0,0,0,0,0,1246,64,0,0,64,1182
Maharashtra,Amravati Commr,420,0,0,0,0,420,495,0,0,0,0,495,0,0,0,0,0,0,915,0,0,0,0,915
Maharashtra,Amravati Rural,114,3,2,5,10,104,303,2,3,3,8,295,0,0,0,0,0,0,417,5,5,8,18,399
Maharashtra,Chhatrapati Sambhajinagar Commr,847,4,28,35,67,780,1118,15,84,82,181,937,0,0,0,0,0,0,1965,19,112,117,248,1717
Maharashtra,Chhatrapati Sambhajinagar Rural,419,0,0,0,0,419,627,0,0,0,0,627,0,0,0,0,0,0,1046,0,0,0,0,1046
Maharashtra,Beed,440,0,0,0,0,440,676,0,0,0,0,676,0,0,0,0,0,0,1116,0,0,0,0,1116
Maharashtra,Bhandara,285,0,0,0,0,285,559,0,0,0,0,559,0,0,0,0,0,0,844,0,0,0,0,844
Maharashtra,Buldhana,553,58,5,2,65,488,838,51,7,4,62,776,0,0,0,0,0,0,1391,109,12,6,127,1264
Maharashtra,Chandrapur,613,0,0,0,0,613,960,0,0,0,0,960,0,0,0,0,0,0,1573,0,0,0,0,1573
Maharashtra,Dhule,399,0,0,0,0,399,713,0,0,0,0,713,0,0,0,0,0,0,1112,0,0,0,0,1112
Maharashtra,Gadchiroli,169,13,0,1,14,155,316,15,0,0,15,301,0,0,0,0,0,0,485,28,0,1,29,456
Maharashtra,Gondia,228,0,0,0,0,228,530,0,0,0,0,530,0,0,0,0,0,0,758,0,0,0,0,758
Maharashtra,Hingoli,171,0,0,0,0,171,227,0,0,0,0,227,0,0,0,0,0,0,398,0,0,0,0,398
Maharashtra,Jalgaon,916,40,46,4,90,826,1543,40,31,5,76,1467,0,0,0,0,0,0,2459,80,77,9,166,2293
Maharashtra,Jalna,318,0,0,0,0,318,483,0,0,0,0,483,0,0,0,0,0,0,801,0,0,0,0,801
Maharashtra,Kolhapur,1013,44,2,0,46,967,1859,36,5,0,41,1818,0,0,0,0,0,0,2872,80,7,0,87,2785
Maharashtra,Latur,381,0,0,0,0,381,643,0,0,0,0,643,0,0,0,0,0,0,1024,0,0,0,0,1024
Maharashtra,Mumbai Commr,4640,148,45,8,201,4439,4638,161,38,25,224,4414,1,0,0,0,0,1,9279,309,83,33,425,8854
Maharashtra,Mumbai Railway,137,2,1,0,3,134,88,7,0,0,7,81,0,0,0,0,0,0,225,9,1,0,10,215
Maharashtra,Nagpur Commr,1815,3,6,2,11,1804,1904,9,3,2,14,1890,0,0,0,0,0,0,3719,12,9,4,25,3694
Maharashtra,Nagpur Railway,45,0,0,0,0,45,23,0,0,0,0,23,0,0,0,0,0,0,68,0,0,0,0,68
Maharashtra,Nagpur Rural,453,0,0,0,0,453,874,0,0,0,0,874,0,0,0,0,0,0,1327,0,0,0,0,1327
Maharashtra,Nanded,649,50,5,0,55,594,762,54,5,3,62,700,0,0,0,0,0,0,1411,104,10,3,117,1294
Maharashtra,Nandurbar,201,21,0,0,21,180,404,19,0,0,19,385,0,0,0,0,0,0,605,40,0,0,40,565
Maharashtra,Nasik Commr,892,4,31,41,76,816,1298,6,108,151,265,1033,0,0,0,0,0,0,2190,10,139,192,341,1849
Maharashtra,Nasik Rural,1115,0,0,101,101,1014,1417,0,0,200,200,1217,0,0,0,0,0,0,2532,0,0,301,301,2231
Maharashtra,Navi Mumbai,921,28,7,1,36,885,988,23,9,1,33,955,0,0,0,0,0,0,1909,51,16,2,69,1840
Maharashtra,Dharashiv,296,15,8,0,23,273,453,27,20,0,47,406,0,0,0,0,0,0,749,42,28,0,70,679
Maharashtra,Palghar,263,22,0,0,22,241,430,23,0,1,24,406,0,0,0,0,0,0,693,45,0,1,46,647
Maharashtra,Parbhani,243,0,0,0,0,243,357,0,0,0,0,357,0,0,0,0,0,0,600,0,0,0,0,600
Maharashtra,Pune Commr,1645,0,0,0,0,1645,2024,0,0,0,0,2024,0,0,0,0,0,0,3669,0,0,0,0,3669
Maharashtra,Pune Railway,36,2,0,0,2,34,22,1,0,0,1,21,0,0,0,0,0,0,58,3,0,0,3,55
Maharashtra,Pune Rural,1117,2,3,0,5,1112,1775,4,9,5,18,1757,0,0,0,0,0,0,2892,6,12,5,23,2869
Maharashtra,Raigad,328,0,0,0,0,328,382,0,0,0,0,382,0,0,0,0,0,0,710,0,0,0,0,710
Maharashtra,Ratnagiri,257,8,4,0,12,245,277,3,0,4,7,270,0,0,0,0,0,0,534,11,4,4,19,515
Maharashtra,Sangli,632,0,0,0,0,632,1157,0,0,0,0,1157,0,0,0,0,0,0,1789,0,0,0,0,1789
Maharashtra,Satara,693,55,2,3,60,633,1306,68,4,2,74,1232,0,0,0,0,0,0,1999,123,6,5,134,1865
Maharashtra,Sindhudurg,137,6,1,0,7,130,124,7,0,0,7,117,0,0,0,0,0,0,261,13,1,0,14,247
Maharashtra,Solapur Commr,441,0,0,46,46,395,519,0,0,26,26,493,0,0,0,0,0,0,960,0,0,72,72,888
Maharashtra,Solapur Rural,796,46,36,46,128,668,1298,83,49,48,180,1118,0,0,0,0,0,0,2094,129,85,94,308,1786
Maharashtra,Thane Commr,2450,140,38,7,185,2265,2722,101,50,12,163,2559,0,0,0,0,0,0,5172,241,88,19,348,4824
Maharashtra,Thane Rural,365,41,6,0,47,318,480,40,1,1,42,438,0,0,0,0,0,0,845,81,7,1,89,756
Maharashtra,Wardha,474,0,0,0,0,474,633,0,0,0,0,633,0,0,0,0,0,0,1107,0,0,0,0,1107
Maharashtra,Washim,223,0,0,0,0,223,352,0,0,0,0,352,0,0,0,0,0,0,575,0,0,0,0,575
Maharashtra,Yavatmal,644,0,0,0,0,644,1263,0,0,0,0,1263,0,0,0,0,0,0,1907,0,0,0,0,1907
Maharashtra,Pimpri Chinchwad Commr,1387,0,0,0,0,1387,1734,0,0,0,0,1734,0,0,0,0,0,0,3121,0,0,0,0,3121
Maharashtra,Chhatrapati Sambhajinagar Railway,47,3,0,0,3,44,35,3,0,0,3,32,0,0,0,0,0,0,82,6,0,0,6,76
Maharashtra,Mira Bhayandar Vasai Virar Commr,1071,0,0,0,0,1071,1478,32,71,48,151,1327,0,0,0,0,0,0,2549,32,71,48,151,2398
Manipur,Bishnupur,25,0,2,4,6,19,14,0,1,3,4,10,0,0,0,0,0,0,39,0,3,7,10,29
Manipur,Chandel,0,0,0,0,0,0,0,0,0,0,0,0,0,0,0,0,0,0,0,0,0,0,0,0
Manipur,Churachandpur,0,0,0,0,0,0,0,0,0,0,0,0,0,0,0,0,0,0,0,0,0,0,0,0
Manipur,Cid,0,0,0,0,0,0,0,0,0,0,0,0,0,0,0,0,0,0,0,0,0,0,0,0
Manipur,Imphal East,45,0,2,0,2,43,73,3,0,13,16,57,0,0,0,0,0,0,118,3,2,13,18,100
Manipur,Imphal West,16,1,1,2,4,12,26,2,4,1,7,19,0,0,0,0,0,0,42,3,5,3,11,31
Manipur,Senapati,0,0,0,0,0,0,0,0,0,0,0,0,0,0,0,0,0,0,0,0,0,0,0,0
Manipur,Tamenglong,0,0,0,0,0,0,0,0,0,0,0,0,0,0,0,0,0,0,0,0,0,0,0,0
Manipur,Thoubal,11,0,4,4,8,3,6,1,0,3,4,2,2,0,0,0,0,2,19,1,4,7,12,7
Manipur,Ukhrul,0,0,0,0,0,0,0,0,0,0,0,0,0,0,0,0,0,0,0,0,0,0,0,0
Manipur,Kakching,14,2,2,1,5,9,16,1,0,1,2,14,0,0,0,0,0,0,30,3,2,2,7,23
Manipur,Kamjong,0,0,0,0,0,0,0,0,0,0,0,0,0,0,0,0,0,0,0,0,0,0,0,0
Manipur,Kangpokpi,0,0,0,0,0,0,0,0,0,0,0,0,0,0,0,0,0,0,0,0,0,0,0,0
Manipur,Jiribam,6,2,0,0,2,4,6,0,1,0,1,5,0,0,0,0,0,0,12,2,1,0,3,9
Manipur,Noney,0,0,0,0,0,0,0,0,0,0,0,0,0,0,0,0,0,0,0,0,0,0,0,0
Manipur,Pherzawl,0,0,0,0,0,0,0,0,0,0,0,0,0,0,0,0,0,0,0,0,0,0,0,0
Manipur,Tengnoupal,0,0,0,0,0,0,0,0,0,0,0,0,0,0,0,0,0,0,0,0,0,0,0,0
Manipur,Narcotic,0,0,0,0,0,0,0,0,0,0,0,0,0,0,0,0,0,0,0,0,0,0,0,0
Meghalaya,Garo Hills East,0,0,0,0,0,0,0,0,0,0,0,0,0,0,0,0,0,0,0,0,0,0,0,0
Meghalaya,Garo Hills North,0,0,0,0,0,0,0,0,0,0,0,0,0,0,0,0,0,0,0,0,0,0,0,0
Meghalaya,Garo Hills South,0,0,0,0,0,0,1,1,0,0,1,0,0,0,0,0,0,0,1,1,0,0,1,0
Meghalaya,Garo Hills South West,3,0,1,0,1,2,4,1,0,0,1,3,0,0,0,0,0,0,7,1,1,0,2,5
Meghalaya,Garo Hills West,13,0,6,0,6,7,44,1,11,16,28,16,0,0,0,0,0,0,57,1,17,16,34,23
Meghalaya,Jaintia Hills West,0,0,0,0,0,0,0,0,0,0,0,0,0,0,0,0,0,0,0,0,0,0,0,0
Meghalaya,Jaintia Hills East,6,1,0,0,1,5,1,0,0,0,0,1,0,0,0,0,0,0,7,1,0,0,1,6
Meghalaya,Khasi Hills East,105,3,14,10,27,78,100,2,10,20,32,68,0,0,0,0,0,0,205,5,24,30,59,146
Meghalaya,Khasi Hills South West,0,0,0,0,0,0,0,0,0,0,0,0,0,0,0,0,0,0,0,0,0,0,0,0
Meghalaya,Khasi Hills West,0,0,0,0,0,0,0,0,0,0,0,0,0,0,0,0,0,0,0,0,0,0,0,0
Meghalaya,Ri-Bhoi,1,1,0,0,1,0,3,1,0,0,1,2,0,0,0,0,0,0,4,2,0,0,2,2
Meghalaya,Cyber Cell,0,0,0,0,0,0,0,0,0,0,0,0,0,0,0,0,0,0,0,0,0,0,0,0
Meghalaya,Khasi Hills Eastern West,0,0,0,0,0,0,0,0,0,0,0,0,0,0,0,0,0,0,0,0,0,0,0,0
Mizoram,Aizawl,0,0,0,0,0,0,0,0,0,0,0,0,0,0,0,0,0,0,0,0,0,0,0,0
Mizoram,Champhai,0,0,0,0,0,0,0,0,0,0,0,0,0,0,0,0,0,0,0,0,0,0,0,0
Mizoram,Kolasib,0,0,0,0,0,0,0,0,0,0,0,0,0,0,0,0,0,0,0,0,0,0,0,0
Mizoram,Lawngtlai,0,0,0,0,0,0,0,0,0,0,0,0,0,0,0,0,0,0,0,0,0,0,0,0
Mizoram,Lunglei,0,0,0,0,0,0,0,0,0,0,0,0,0,0,0,0,0,0,0,0,0,0,0,0
Mizoram,Mamit,0,0,0,0,0,0,0,0,0,0,0,0,0,0,0,0,0,0,0,0,0,0,0,0
Mizoram,Saiha,0,0,0,0,0,0,0,0,0,0,0,0,0,0,0,0,0,0,0,0,0,0,0,0
Mizoram,Serchhip,0,0,0,0,0,0,0,0,0,0,0,0,0,0,0,0,0,0,0,0,0,0,0,0
Mizoram,Spl Narcotic,0,0,0,0,0,0,0,0,0,0,0,0,0,0,0,0,0,0,0,0,0,0,0,0
Mizoram,Hnahthial,0,0,0,0,0,0,0,0,0,0,0,0,0,0,0,0,0,0,0,0,0,0,0,0
Mizoram,Khawzawl,0,0,0,0,0,0,0,0,0,0,0,0,0,0,0,0,0,0,0,0,0,0,0,0
Mizoram,Saitual,0,0,0,0,0,0,0,0,0,0,0,0,0,0,0,0,0,0,0,0,0,0,0,0
Mizoram,Cyber,0,0,0,0,0,0,0,0,0,0,0,0,0,0,0,0,0,0,0,0,0,0,0,0
Mizoram,Crime And Eou,0,0,0,0,0,0,0,0,0,0,0,0,0,0,0,0,0,0,0,0,0,0,0,0
Nagaland,Dimapur,0,0,0,0,0,0,0,0,0,0,0,0,0,0,0,0,0,0,0,0,0,0,0,0
Nagaland,Kiphire,0,0,0,0,0,0,0,0,0,0,0,0,0,0,0,0,0,0,0,0,0,0,0,0
Nagaland,Kohima,12,6,3,0,9,3,46,4,8,8,20,26,0,0,0,0,0,0,58,10,11,8,29,29
Nagaland,Longleng,0,0,0,0,0,0,0,0,0,0,0,0,0,0,0,0,0,0,0,0,0,0,0,0
Nagaland,Mokokchung,0,0,0,0,0,0,0,0,0,0,0,0,0,0,0,0,0,0,0,0,0,0,0,0
Nagaland,Mon,0,0,0,0,0,0,1,0,0,0,0,1,0,0,0,0,0,0,1,0,0,0,0,1
Nagaland,Peren,0,0,0,0,0,0,0,0,0,0,0,0,0,0,0,0,0,0,0,0,0,0,0,0
Nagaland,Phek,0,0,0,0,0,0,0,0,0,0,0,0,0,0,0,0,0,0,0,0,0,0,0,0
Nagaland,Tuensang,0,0,0,0,0,0,0,0,0,0,0,0,0,0,0,0,0,0,0,0,0,0,0,0
Nagaland,Wokha,0,0,0,0,0,0,0,0,0,0,0,0,0,0,0,0,0,0,0,0,0,0,0,0
Nagaland,Zunheboto,0,0,0,0,0,0,0,0,0,0,0,0,0,0,0,0,0,0,0,0,0,0,0,0
Nagaland,Noklak,0,0,0,0,0,0,0,0,0,0,0,0,0,0,0,0,0,0,0,0,0,0,0,0
Nagaland,Shamator,0,0,0,0,0,0,0,0,0,0,0,0,0,0,0,0,0,0,0,0,0,0,0,0
Nagaland,Tseminyu,0,0,0,0,0,0,0,0,0,0,0,0,0,0,0,0,0,0,0,0,0,0,0,0
Nagaland,Crime,0,0,0,0,0,0,0,0,0,0,0,0,0,0,0,0,0,0,0,0,0,0,0,0
Nagaland,Cyber Security,0,0,0,0,0,0,0,0,0,0,0,0,0,0,0,0,0,0,0,0,0,0,0,0
Nagaland,Narcotics,0,0,0,0,0,0,0,0,0,0,0,0,0,0,0,0,0,0,0,0,0,0,0,0
Odisha,Angul,0,0,0,0,0,0,0,0,0,0,0,0,0,0,0,0,0,0,0,0,0,0,0,0
Odisha,Balasore,0,0,0,0,0,0,0,0,0,0,0,0,0,0,0,0,0,0,0,0,0,0,0,0
Odisha,Baragarh,0,0,0,0,0,0,0,0,0,0,0,0,0,0,0,0,0,0,0,0,0,0,0,0
Odisha,Berhampur,0,0,0,0,0,0,0,0,0,0,0,0,0,0,0,0,0,0,0,0,0,0,0,0
Odisha,Bhadrak,0,0,0,0,0,0,0,0,0,0,0,0,0,0,0,0,0,0,0,0,0,0,0,0
Odisha,Bolangir,0,0,0,0,0,0,0,0,0,0,0,0,0,0,0,0,0,0,0,0,0,0,0,0
Odisha,Boudh,0,0,0,0,0,0,0,0,0,0,0,0,0,0,0,0,0,0,0,0,0,0,0,0
Odisha,Cuttack,0,0,0,0,0,0,0,0,0,0,0,0,0,0,0,0,0,0,0,0,0,0,0,0
Odisha,Dcp Bbsr,0,0,0,0,0,0,0,0,0,0,0,0,0,0,0,0,0,0,0,0,0,0,0,0
Odisha,Dcp Ctc,0,0,0,0,0,0,0,0,0,0,0,0,0,0,0,0,0,0,0,0,0,0,0,0
Odisha,Deogarh,0,0,0,0,0,0,0,0,0,0,0,0,0,0,0,0,0,0,0,0,0,0,0,0
Odisha,Dhenkanal,0,0,0,0,0,0,0,0,0,0,0,0,0,0,0,0,0,0,0,0,0,0,0,0
Odisha,Gajapati,0,0,0,0,0,0,0,0,0,0,0,0,0,0,0,0,0,0,0,0,0,0,0,0
Odisha,Ganjam,0,0,0,0,0,0,0,0,0,0,0,0,0,0,0,0,0,0,0,0,0,0,0,0
Odisha,Jagatsinghpur,0,0,0,0,0,0,0,0,0,0,0,0,0,0,0,0,0,0,0,0,0,0,0,0
Odisha,Jajpur,0,0,0,0,0,0,0,0,0,0,0,0,0,0,0,0,0,0,0,0,0,0,0,0
Odisha,Jharsuguda,0,0,0,0,0,0,0,0,0,0,0,0,0,0,0,0,0,0,0,0,0,0,0,0
Odisha,Kalahandi,0,0,0,0,0,0,0,0,0,0,0,0,0,0,0,0,0,0,0,0,0,0,0,0
Odisha,Kandhamal,0,0,0,0,0,0,0,0,0,0,0,0,0,0,0,0,0,0,0,0,0,0,0,0
Odisha,Kendrapara,0,0,0,0,0,0,0,0,0,0,0,0,0,0,0,0,0,0,0,0,0,0,0,0
Odisha,Keonjhar,0,0,0,0,0,0,0,0,0,0,0,0,0,0,0,0,0,0,0,0,0,0,0,0
Odisha,Khurda,0,0,0,0,0,0,0,0,0,0,0,0,0,0,0,0,0,0,0,0,0,0,0,0
Odisha,Koraput,0,0,0,0,0,0,0,0,0,0,0,0,0,0,0,0,0,0,0,0,0,0,0,0
Odisha,Malkangiri,0,0,0,0,0,0,0,0,0,0,0,0,0,0,0,0,0,0,0,0,0,0,0,0
Odisha,Mayurbhanj,0,0,0,0,0,0,0,0,0,0,0,0,0,0,0,0,0,0,0,0,0,0,0,0
Odisha,Nayagarh,0,0,0,0,0,0,0,0,0,0,0,0,0,0,0,0,0,0,0,0,0,0,0,0
Odisha,Nabarangpur,0,0,0,0,0,0,0,0,0,0,0,0,0,0,0,0,0,0,0,0,0,0,0,0
Odisha,Nuapada,0,0,0,0,0,0,0,0,0,0,0,0,0,0,0,0,0,0,0,0,0,0,0,0
Odisha,Puri,0,0,0,0,0,0,0,0,0,0,0,0,0,0,0,0,0,0,0,0,0,0,0,0
Odisha,Rayagada,0,0,0,0,0,0,0,0,0,0,0,0,0,0,0,0,0,0,0,0,0,0,0,0
Odisha,Rourkela,0,0,0,0,0,0,0,0,0,0,0,0,0,0,0,0,0,0,0,0,0,0,0,0
Odisha,Sambalpur,0,0,0,0,0,0,0,0,0,0,0,0,0,0,0,0,0,0,0,0,0,0,0,0
Odisha,Sonepur,0,0,0,0,0,0,0,0,0,0,0,0,0,0,0,0,0,0,0,0,0,0,0,0
Odisha,Srp(Cuttack),0,0,0,0,0,0,0,0,0,0,0,0,0,0,0,0,0,0,0,0,0,0,0,0
Odisha,Srp(Rourkela),0,0,0,0,0,0,0,0,0,0,0,0,0,0,0,0,0,0,0,0,0,0,0,0
Odisha,Sundargarh,0,0,0,0,0,0,0,0,0,0,0,0,0,0,0,0,0,0,0,0,0,0,0,0
Odisha,Cid Cb,6642,101,364,333,798,5844,21189,59,1782,3584,5425,15764,2,0,0,0,0,2,27833,160,2146,3917,6223,21610
Punjab,Amritsar Rural,11,0,1,1,2,9,111,1,37,60,98,13,0,0,0,0,0,0,122,1,38,61,100,22
Punjab,Barnala,23,0,0,0,0,23,16,0,0,7,7,9,0,0,0,0,0,0,39,0,0,7,7,32
Punjab,Batala,0,0,0,0,0,0,0,0,0,0,0,0,0,0,0,0,0,0,0,0,0,0,0,0
Punjab,Bathinda,37,1,8,1,10,27,105,2,21,55,78,27,0,0,0,0,0,0,142,3,29,56,88,54
Punjab,Cp Amritsar,39,0,2,1,3,36,72,0,4,29,33,39,0,0,0,0,0,0,111,0,6,30,36,75
Punjab,Cp Jalandhar,178,5,7,2,14,164,330,3,49,40,92,238,0,0,0,0,0,0,508,8,56,42,106,402
Punjab,Cp Ludhiana,17,2,3,2,7,10,20,2,8,3,13,7,0,0,0,0,0,0,37,4,11,5,20,17
Punjab,Faridkot,37,0,0,0,0,37,56,0,10,17,27,29,0,0,0,0,0,0,93,0,10,17,27,66
Punjab,Fatehgarh Sahib,78,10,3,1,14,64,87,2,10,4,16,71,0,0,0,0,0,0,165,12,13,5,30,135
Punjab,Fazilka,61,3,0,0,3,58,55,2,1,1,4,51,0,0,0,0,0,0,116,5,1,1,7,109
Punjab,Ferozepur,28,0,0,0,0,28,93,0,20,33,53,40,0,0,0,0,0,0,121,0,20,33,53,68
Punjab,Grp,1,0,0,0,0,1,4,1,1,0,2,2,0,0,0,0,0,0,5,1,1,0,2,3
Punjab,Gurdaspur,15,0,0,0,0,15,9,0,1,0,1,8,0,0,0,0,0,0,24,0,1,0,1,23
Punjab,Hoshiarpur,75,1,3,1,5,70,193,2,28,34,64,129,0,0,0,0,0,0,268,3,31,35,69,199
Punjab,Jalandhar Rural,64,0,13,0,13,51,56,3,0,4,7,49,0,0,0,0,0,0,120,3,13,4,20,100
Punjab,Kapurthala,7,0,0,0,0,7,32,0,21,10,31,1,0,0,0,0,0,0,39,0,21,10,31,8
Punjab,Khanna,73,6,0,0,6,67,86,5,6,0,11,75,0,0,0,0,0,0,159,11,6,0,17,142
Punjab,Ludhiana Rural,8,0,0,8,8,0,33,0,27,6,33,0,0,0,0,0,0,0,41,0,27,14,41,0
Punjab,Mansa,30,5,1,1,7,23,23,2,0,0,2,21,0,0,0,0,0,0,53,7,1,1,9,44
Punjab,Moga,71,1,1,1,3,68,37,0,2,0,2,35,0,0,0,0,0,0,108,1,3,1,5,103
Punjab,Muktsar,45,0,0,0,0,45,26,0,0,3,3,23,0,0,0,0,0,0,71,0,0,3,3,68
Punjab,Pathankot,38,3,2,2,7,31,38,0,0,6,6,32,0,0,0,0,0,0,76,3,2,8,13,63
Punjab,Patiala,45,3,4,5,12,33,54,2,11,11,24,30,0,0,0,0,0,0,99,5,15,16,36,63
Punjab,Ropar,35,2,4,0,6,29,48,1,21,8,30,18,0,0,0,0,0,0,83,3,25,8,36,47
Punjab,Sangrur,12,1,0,1,2,10,89,4,37,29,70,19,0,0,0,0,0,0,101,5,37,30,72,29
Punjab,Sas Nagar,26,1,9,3,13,13,64,1,33,30,64,0,0,0,0,0,0,0,90,2,42,33,77,13
Punjab,Sbs Nagar,7,1,0,6,7,0,34,0,0,1,1,33,0,0,0,0,0,0,41,1,0,7,8,33
Punjab,Tarn Taran,54,0,0,2,2,52,64,0,3,2,5,59,0,0,0,0,0,0,118,0,3,4,7,111
Punjab,Bureau Of Investigation,0,0,0,0,0,0,0,0,0,0,0,0,0,0,0,0,0,0,0,0,0,0,0,0
Punjab,Intelligence Wing,0,0,0,0,0,0,0,0,0,0,0,0,0,0,0,0,0,0,0,0,0,0,0,0
Punjab,Nri Wing,0,0,0,0,0,0,0,0,0,0,0,0,0,0,0,0,0,0,0,0,0,0,0,0
Punjab,Special Task Force,0,0,0,0,0,0,0,0,0,0,0,0,0,0,0,0,0,0,0,0,0,0,0,0
Punjab,Malerkotla,5,0,0,0,0,5,21,0,10,9,19,2,0,0,0,0,0,0,26,0,10,9,19,7
Punjab,Cyber Crime Wing,0,0,0,0,0,0,0,0,0,0,0,0,0,0,0,0,0,0,0,0,0,0,0,0
Rajasthan,Ajmer,258,3,25,18,46,212,991,14,92,96,202,789,0,0,0,0,0,0,1249,17,117,114,248,1001
Rajasthan,Alwar,240,7,22,8,37,203,554,7,55,68,130,424,0,0,0,0,0,0,794,14,77,76,167,627
Rajasthan,Banswara,114,0,1,3,4,110,606,0,38,54,92,514,0,0,0,0,0,0,720,0,39,57,96,624
Rajasthan,Baran,159,1,4,6,11,148,780,3,25,130,158,622,0,0,0,0,0,0,939,4,29,136,169,770
Rajasthan,Barmer,91,6,6,5,17,74,199,2,28,9,39,160,0,0,0,0,0,0,290,8,34,14,56,234
Rajasthan,Bharatpur,126,6,8,1,15,111,230,3,10,2,15,215,0,0,0,0,0,0,356,9,18,3,30,326
Rajasthan,Bhilwara,318,2,14,21,37,281,1319,3,135,185,323,996,0,0,0,0,0,0,1637,5,149,206,360,1277
Rajasthan,Bikaner,317,0,11,31,42,275,665,1,15,168,184,481,0,0,0,0,0,0,982,1,26,199,226,756
Rajasthan,Bundi,117,2,5,1,8,109,805,3,81,50,134,671,0,0,0,0,0,0,922,5,86,51,142,780
Rajasthan,Chittorgarh,187,3,9,2,14,173,1157,9,139,95,243,914,0,0,0,0,0,0,1344,12,148,97,257,1087
Rajasthan,Churu,144,0,6,8,14,130,555,0,21,42,63,492,0,0,0,0,0,0,699,0,27,50,77,622
Rajasthan,Dausa,145,11,21,11,43,102,318,17,39,28,84,234,0,0,0,0,0,0,463,28,60,39,127,336
Rajasthan,Dholpur,113,0,5,4,9,104,186,1,6,5,12,174,0,0,0,0,0,0,299,1,11,9,21,278
Rajasthan,Dungarpur,104,2,2,7,11,93,857,1,90,178,269,588,0,0,0,0,0,0,961,3,92,185,280,681
Rajasthan,Grp Ajmer,21,2,0,0,2,19,27,2,3,0,5,22,0,0,0,0,0,0,48,4,3,0,7,41
Rajasthan,Grp Jodhpur,4,1,0,0,1,3,16,1,2,3,6,10,0,0,0,0,0,0,20,2,2,3,7,13
Rajasthan,Ganganagar,271,2,12,4,18,253,847,1,53,87,141,706,0,0,0,0,0,0,1118,3,65,91,159,959
Rajasthan,Hanumangarh,295,1,4,12,17,278,892,5,38,119,162,730,0,0,0,0,0,0,1187,6,42,131,179,1008
Rajasthan,Jaipur East,451,11,31,27,69,382,639,3,72,84,159,480,0,0,0,0,0,0,1090,14,103,111,228,862
Rajasthan,Jaipur North,268,10,12,5,27,241,456,1,73,28,102,354,0,0,0,0,0,0,724,11,85,33,129,595
Rajasthan,Jaipur Rural,174,1,19,15,35,139,425,0,19,52,71,354,0,0,0,0,0,0,599,1,38,67,106,493
Rajasthan,Jaipur South,323,10,24,19,53,270,605,4,51,84,139,466,0,0,0,0,0,0,928,14,75,103,192,736
Rajasthan,Jaipur West,429,8,22,33,63,366,763,3,65,93,161,602,0,0,0,0,0,0,1192,11,87,126,224,968
Rajasthan,Jaisalmer,39,0,3,3,6,33,90,1,7,5,13,77,0,0,0,0,0,0,129,1,10,8,19,110
Rajasthan,Jalore,72,2,1,8,11,61,438,1,28,37,66,372,0,0,0,0,0,0,510,3,29,45,77,433
Rajasthan,Jhalawar,193,4,11,13,28,165,795,6,85,137,228,567,0,0,0,0,0,0,988,10,96,150,256,732
Rajasthan,Jhunjhunu,163,2,15,3,20,143,692,8,28,58,94,598,0,0,0,0,0,0,855,10,43,61,114,741
Rajasthan,Jodhpur East,182,2,10,6,18,164,386,6,30,33,69,317,0,0,0,0,0,0,568,8,40,39,87,481
Rajasthan,Jodhpur West,259,5,13,12,30,229,503,0,24,48,72,431,0,0,0,0,0,0,762,5,37,60,102,660
Rajasthan,Jodhpur Rural,49,0,5,0,5,44,263,3,36,18,57,206,0,0,0,0,0,0,312,3,41,18,62,250
Rajasthan,Karauli,70,0,9,3,12,58,150,0,5,1,6,144,0,0,0,0,0,0,220,0,14,4,18,202
Rajasthan,Kota City,388,8,36,16,60,328,923,8,107,46,161,762,0,0,0,0,0,0,1311,16,143,62,221,1090
Rajasthan,Kota Rural,122,0,2,3,5,117,645,1,64,53,118,527,0,0,0,0,0,0,767,1,66,56,123,644
Rajasthan,Nagaur,133,5,9,6,20,113,469,3,38,46,87,382,0,0,0,0,0,0,602,8,47,52,107,495
Rajasthan,Pali,231,6,11,8,25,206,1167,0,39,107,146,1021,0,0,0,0,0,0,1398,6,50,115,171,1227
Rajasthan,Pratapgarh,121,2,5,4,11,110,702,2,58,125,185,517,0,0,0,0,0,0,823,4,63,129,196,627
Rajasthan,Rajsamand,161,3,8,3,14,147,943,2,53,136,191,752,0,0,0,0,0,0,1104,5,61,139,205,899
Rajasthan,Sawai Madhopur,60,0,6,3,9,51,142,0,5,16,21,121,0,0,0,0,0,0,202,0,11,19,30,172
Rajasthan,Sikar,222,0,8,33,41,181,766,0,38,79,117,649,0,0,0,0,0,0,988,0,46,112,158,830
Rajasthan,Sirohi,97,0,8,1,9,88,508,1,56,33,90,418,0,0,0,0,0,0,605,1,64,34,99,506
Rajasthan,Tonk,126,2,9,11,22,104,551,2,27,61,90,461,0,0,0,0,0,0,677,4,36,72,112,565
Rajasthan,Udaipur,541,4,28,21,53,488,1338,3,149,253,405,933,0,0,0,0,0,0,1879,7,177,274,458,1421
Rajasthan,Jaipur Metro,0,0,0,0,0,0,0,0,0,0,0,0,0,0,0,0,0,0,0,0,0,0,0,0
Rajasthan,Scrb,0,0,0,0,0,0,0,0,0,0,0,0,0,0,0,0,0,0,0,0,0,0,0,0
Rajasthan,Ats & Sog,0,0,0,0,0,0,0,0,0,0,0,0,0,0,0,0,0,0,0,0,0,0,0,0
Rajasthan,Ssb,0,0,0,0,0,0,0,0,0,0,0,0,0,0,0,0,0,0,0,0,0,0,0,0
Rajasthan,Jaipur Crime,0,0,0,0,0,0,0,0,0,0,0,0,0,0,0,0,0,0,0,0,0,0,0,0
Rajasthan,Bhiwadi,77,2,7,2,11,66,267,2,42,52,96,171,0,0,0,0,0,0,344,4,49,54,107,237
Rajasthan,Beawar,173,1,6,8,15,158,922,2,57,119,178,744,0,0,0,0,0,0,1095,3,63,127,193,902
Rajasthan,Didwana-Kuchaman,101,1,7,4,12,89,514,2,21,49,72,442,0,0,0,0,0,0,615,3,28,53,84,531
Rajasthan,Kekri,53,3,4,2,9,44,292,1,22,46,69,223,0,0,0,0,0,0,345,4,26,48,78,267
Rajasthan,Shahpura,55,0,5,2,7,48,407,0,36,69,105,302,0,0,0,0,0,0,462,0,41,71,112,350
Rajasthan,Deeg,44,1,4,4,9,35,124,0,6,16,22,102,0,0,0,0,0,0,168,1,10,20,31,137
Rajasthan,Gangapur City,49,2,5,2,9,40,105,2,3,7,12,93,0,0,0,0,0,0,154,4,8,9,21,133
Rajasthan,Anupgarh,114,3,2,2,7,107,521,3,33,48,84,437,0,0,0,0,0,0,635,6,35,50,91,544
Rajasthan,Dudu,25,0,0,3,3,22,81,0,0,17,17,64,0,0,0,0,0,0,106,0,0,20,20,86
Rajasthan,Khairtal-Tijara,70,1,3,3,7,63,179,2,24,20,46,133,0,0,0,0,0,0,249,3,27,23,53,196
Rajasthan,Kotputli-Behror,137,1,2,1,4,133,392,4,18,29,51,341,0,0,0,0,0,0,529,5,20,30,55,474
Rajasthan,Balotra,60,1,3,0,4,56,174,0,7,34,41,133,0,0,0,0,0,0,234,1,10,34,45,189
Rajasthan,Phalodi,34,0,0,2,2,32,100,0,0,10,10,90,0,0,0,0,0,0,134,0,0,12,12,122
Rajasthan,Jodhpur Crime,0,0,0,0,0,0,0,0,0,0,0,0,0,0,0,0,0,0,0,0,0,0,0,0
Rajasthan,Sanchore,39,0,4,0,4,35,170,0,13,13,26,144,0,0,0,0,0,0,209,0,17,13,30,179
Rajasthan,Neem Ka Thana,81,0,8,10,18,63,363,0,13,44,57,306,0,0,0,0,0,0,444,0,21,54,75,369
Rajasthan,Salumbar,38,0,0,2,2,36,362,0,19,68,87,275,0,0,0,0,0,0,400,0,19,70,89,311
Sikkim,Gangtok (East),83,0,0,0,0,83,122,0,0,0,0,122,0,0,0,0,0,0,205,0,0,0,0,205
Sikkim,Mangan (North),2,0,0,0,0,2,4,0,0,0,0,4,0,0,0,0,0,0,6,0,0,0,0,6
Sikkim,Namchi (South),6,0,0,0,0,6,19,0,1,0,1,18,0,0,0,0,0,0,25,0,1,0,1,24
Sikkim,Soreng (West),1,0,0,0,0,1,12,0,4,0,4,8,0,0,0,0,0,0,13,0,4,0,4,9
Sikkim,Cid,0,0,0,0,0,0,0,0,0,0,0,0,0,0,0,0,0,0,0,0,0,0,0,0
Sikkim,Pakyong (East),21,0,0,0,0,21,30,0,1,0,1,29,0,0,0,0,0,0,51,0,1,0,1,50
Sikkim,Gyalshing (West),0,0,0,0,0,0,0,0,0,0,0,0,0,0,0,0,0,0,0,0,0,0,0,0
Tamil Nadu,Ariyalur,56,16,4,1,21,35,258,16,13,40,69,189,0,0,0,0,0,0,314,32,17,41,90,224
Tamil Nadu,Chennai,1282,59,64,65,188,1094,2083,69,163,254,486,1597,2,0,0,1,1,1,3367,128,227,320,675,2692
Tamil Nadu,Coimbatore,297,52,21,7,80,217,608,37,32,99,168,440,0,0,0,0,0,0,905,89,53,106,248,657
Tamil Nadu,Coimbatore City,379,14,20,29,63,316,611,24,30,90,144,467,0,0,0,0,0,0,990,38,50,119,207,783
Tamil Nadu,Cuddalore,189,1,15,2,18,171,686,3,42,64,109,577,0,0,0,0,0,0,875,4,57,66,127,748
Tamil Nadu,Dharmapuri,106,12,26,8,46,60,355,15,22,94,131,224,0,0,0,0,0,0,461,27,48,102,177,284
Tamil Nadu,Dindigul,248,49,18,13,80,168,766,66,57,157,280,486,1,0,0,0,0,1,1015,115,75,170,360,655
Tamil Nadu,Erode,215,37,18,9,64,151,510,29,59,58,146,364,0,0,0,0,0,0,725,66,77,67,210,515
Tamil Nadu,Kanchipuram,173,23,5,5,33,140,443,9,20,60,89,354,0,0,0,0,0,0,616,32,25,65,122,494
Tamil Nadu,Kanyakumari,131,5,12,6,23,108,233,10,18,41,69,164,0,0,0,0,0,0,364,15,30,47,92,272
Tamil Nadu,Karur,97,12,3,1,16,81,245,17,20,45,82,163,0,0,0,0,0,0,342,29,23,46,98,244
Tamil Nadu,Krishnagiri,227,26,38,13,77,150,622,30,34,116,180,442,0,0,0,0,0,0,849,56,72,129,257,592
Tamil Nadu,Madurai,248,45,10,17,72,176,755,26,35,145,206,549,0,0,0,0,0,0,1003,71,45,162,278,725
Tamil Nadu,Madurai City,268,32,24,3,59,209,483,34,44,32,110,373,0,0,0,0,0,0,751,66,68,35,169,582
Tamil Nadu,Nagapattinam,33,4,3,0,7,26,141,5,4,23,32,109,0,0,0,0,0,0,174,9,7,23,39,135
Tamil Nadu,Namakkal,120,26,3,2,31,89,274,25,14,50,89,185,0,0,0,0,0,0,394,51,17,52,120,274
Tamil Nadu,Nilgiris,43,5,6,2,13,30,96,4,21,18,43,53,0,0,0,0,0,0,139,9,27,20,56,83
Tamil Nadu,Perambalur,66,20,5,1,26,40,216,21,17,16,54,162,0,0,0,0,0,0,282,41,22,17,80,202
Tamil Nadu,Pudukottai,139,23,10,7,40,99,530,7,28,50,85,445,0,0,0,0,0,0,669,30,38,57,125,544
Tamil Nadu,Ramnathapuram,131,27,11,4,42,89,366,30,17,25,72,294,0,0,0,0,0,0,497,57,28,29,114,383
Tamil Nadu,Railway Chennai,20,0,0,0,0,20,7,0,0,1,1,6,0,0,0,0,0,0,27,0,0,1,1,26
Tamil Nadu,Railway Trichy,13,2,0,0,2,11,4,0,0,0,0,4,0,0,0,0,0,0,17,2,0,0,2,15
Tamil Nadu,Salem,149,25,10,13,48,101,376,15,35,56,106,270,0,0,0,0,0,0,525,40,45,69,154,371
Tamil Nadu,Salem City,137,17,13,9,39,98,329,29,16,51,96,233,0,0,0,0,0,0,466,46,29,60,135,331
Tamil Nadu,Sivagangai,159,28,17,8,53,106,479,35,9,81,125,354,0,0,0,0,0,0,638,63,26,89,178,460
Tamil Nadu,Thanjavur,263,44,18,18,80,183,821,57,47,114,218,603,0,0,0,0,0,0,1084,101,65,132,298,786
Tamil Nadu,Theni,197,41,16,4,61,136,522,50,30,94,174,348,0,0,0,0,0,0,719,91,46,98,235,484
Tamil Nadu,Thirunelveli,215,30,15,13,58,157,504,31,24,56,111,393,0,0,0,0,0,0,719,61,39,69,169,550
Tamil Nadu,Thirunelveli City,105,7,10,1,18,87,151,7,6,14,27,124,0,0,0,0,0,0,256,14,16,15,45,211
Tamil Nadu,Thiruvallur,187,10,15,24,49,138,546,16,48,60,124,422,0,0,0,0,0,0,733,26,63,84,173,560
Tamil Nadu,Thiruvannamalai,167,27,15,7,49,118,603,34,16,74,124,479,0,0,0,0,0,0,770,61,31,81,173,597
Tamil Nadu,Thiruvarur,91,24,5,0,29,62,266,21,13,18,52,214,0,0,0,0,0,0,357,45,18,18,81,276
Tamil Nadu,Thoothukudi,192,28,18,11,57,135,454,32,25,104,161,293,0,0,0,0,0,0,646,60,43,115,218,428
Tamil Nadu,Tiruppur,297,23,25,34,82,215,514,43,42,64,149,365,0,0,0,0,0,0,811,66,67,98,231,580
Tamil Nadu,Tiruppur City,224,42,20,12,74,150,498,31,41,68,140,358,0,0,0,0,0,0,722,73,61,80,214,508
Tamil Nadu,Trichy,124,25,5,3,33,91,419,27,24,67,118,301,0,0,0,0,0,0,543,52,29,70,151,392
Tamil Nadu,Trichy City,103,9,13,4,26,77,214,7,23,33,63,151,0,0,0,0,0,0,317,16,36,37,89,228
Tamil Nadu,Vellore,136,19,15,4,38,98,362,29,21,64,114,248,0,0,0,0,0,0,498,48,36,68,152,346
Tamil Nadu,Villupuram,190,0,0,9,9,181,629,0,7,89,96,533,0,0,0,0,0,0,819,0,7,98,105,714
Tamil Nadu,Virudhunagar,263,16,22,34,72,191,686,48,71,80,199,487,0,0,0,0,0,0,949,64,93,114,271,678
Tamil Nadu,Cyber Cell,0,0,0,0,0,0,0,0,0,0,0,0,0,0,0,0,0,0,0,0,0,0,0,0
Tamil Nadu,Other Units,0,0,0,0,0,0,0,0,0,0,0,0,0,0,0,0,0,0,0,0,0,0,0,0
Tamil Nadu,Chengalpattu,159,25,7,6,38,121,447,26,30,25,81,366,0,0,0,0,0,0,606,51,37,31,119,487
Tamil Nadu,Kallakurichi,93,0,3,8,11,82,409,0,11,54,65,344,0,0,0,0,0,0,502,0,14,62,76,426
Tamil Nadu,Ranipet,130,15,8,3,26,104,397,15,17,52,84,313,0,0,0,0,0,0,527,30,25,55,110,417
Tamil Nadu,Tiruppattur,117,12,22,16,50,67,355,17,28,97,142,213,0,0,0,0,0,0,472,29,50,113,192,280
Tamil Nadu,Tenkasi,163,17,20,3,40,123,439,23,35,47,105,334,0,0,0,0,0,0,602,40,55,50,145,457
Tamil Nadu,Mayiladuthurai,83,4,17,6,27,56,226,2,15,24,41,185,0,0,0,0,0,0,309,6,32,30,68,241
Tamil Nadu,Avadi,545,46,37,27,110,435,906,57,51,137,245,661,2,0,0,0,0,2,1453,103,88,164,355,1098
Tamil Nadu,Tambaram,403,13,27,24,64,339,720,37,73,74,184,536,1,0,0,0,0,1,1124,50,100,98,248,876
Telangana,Cyberabad Commissionerate,1996,5,8,34,47,1949,2893,2,5,2,9,2884,1,0,0,1,1,0,4890,7,13,37,57,4833
Telangana,Hyderabad Commissionerate,2086,145,37,34,216,1870,2271,78,22,104,204,2067,0,0,0,0,0,0,4357,223,59,138,420,3937
Telangana,Karimnagar Commissionerate,178,18,2,7,27,151,319,12,1,9,22,297,0,0,0,0,0,0,497,30,3,16,49,448
Telangana,Khammam Commissionerate,206,6,0,1,7,199,410,6,0,0,6,404,0,0,0,0,0,0,616,12,0,1,13,603
Telangana,Nizamabad Commissionerate,446,55,12,1,68,378,569,36,8,3,47,522,0,0,0,0,0,0,1015,91,20,4,115,900
Telangana,Rachakonda Commissionerate,1905,0,80,200,280,1625,2387,0,58,160,218,2169,0,0,0,0,0,0,4292,0,138,360,498,3794
Telangana,Ramagundam Commissionerate,234,25,4,0,29,205,418,30,2,0,32,386,0,0,0,0,0,0,652,55,6,0,61,591
Telangana,Siddipet Commissionerate,188,19,2,1,22,166,287,16,3,1,20,267,0,0,0,0,0,0,475,35,5,2,42,433
Telangana,Warangal Commissionerate,409,51,4,0,55,354,788,37,3,0,40,748,0,0,0,0,0,0,1197,88,7,0,95,1102
Telangana,Adilabad,146,18,3,0,21,125,244,13,6,2,21,223,0,0,0,0,0,0,390,31,9,2,42,348
Telangana,Bhadradri Kothagudem,131,7,0,0,7,124,267,9,0,0,9,258,0,0,0,0,0,0,398,16,0,0,16,382
Telangana,Jagityal,132,2,28,1,31,101,290,0,1,28,29,261,0,0,0,0,0,0,422,2,29,29,60,362
Telangana,Jayashankar Bhupalpalli,43,0,0,2,2,41,100,0,1,0,1,99,0,0,0,0,0,0,143,0,1,2,3,140
Telangana,Jogulamba Gadwal,72,0,0,10,10,62,139,0,0,8,8,131,0,0,0,0,0,0,211,0,0,18,18,193
Telangana,Kamareddy,238,8,18,17,43,195,396,8,31,33,72,324,0,0,0,0,0,0,634,16,49,50,115,519
Telangana,Kumaram Bheem Asifabad,51,5,2,0,7,44,98,1,1,0,2,96,0,0,0,0,0,0,149,6,3,0,9,140
Telangana,Mahabubabad,69,15,0,2,17,52,173,11,0,0,11,162,0,0,0,0,0,0,242,26,0,2,28,214
Telangana,Mahabubnagar,233,32,15,11,58,175,440,37,5,6,48,392,0,0,0,0,0,0,673,69,20,17,106,567
Telangana,Medak,220,7,10,16,33,187,286,4,21,8,33,253,0,0,0,0,0,0,506,11,31,24,66,440
Telangana,Nagarkurnool,101,10,6,3,19,82,210,12,0,0,12,198,0,0,0,0,0,0,311,22,6,3,31,280
Telangana,Nalgonda,173,18,9,6,33,140,352,15,1,1,17,335,0,0,0,0,0,0,525,33,10,7,50,475
Telangana,Nirmal,112,0,0,8,8,104,185,0,0,14,14,171,0,0,0,0,0,0,297,0,0,22,22,275
Telangana,Rajanna Siricilla,90,13,0,0,13,77,153,0,0,8,8,145,0,0,0,0,0,0,243,13,0,8,21,222
Telangana,Sangareddy,455,53,20,10,83,372,529,53,9,17,79,450,0,0,0,0,0,0,984,106,29,27,162,822
Telangana,Suryapet,123,6,5,2,13,110,294,0,0,0,0,294,0,0,0,0,0,0,417,6,5,2,13,404
Telangana,Vikarabad,145,13,7,1,21,124,238,14,1,2,17,221,0,0,0,0,0,0,383,27,8,3,38,345
Telangana,Wanaparthy,93,0,0,20,20,73,180,0,0,11,11,169,0,0,0,0,0,0,273,0,0,31,31,242
Telangana,Railway Police Secunderabad,29,1,1,0,2,27,18,2,3,0,5,13,0,0,0,0,0,0,47,3,4,0,7,40
Telangana,Mulug,43,0,0,0,0,43,62,0,0,0,0,62,0,0,0,0,0,0,105,0,0,0,0,105
Telangana,Narayanpet,52,9,2,0,11,41,158,7,0,0,7,151,0,0,0,0,0,0,210,16,2,0,18,192
Tripura,Dhalai,36,0,0,0,0,36,124,0,0,6,6,118,0,0,0,0,0,0,160,0,0,6,6,154
Tripura,Gomati,38,0,0,0,0,38,218,0,7,5,12,206,0,0,0,0,0,0,256,0,7,5,12,244
Tripura,Grp,0,0,0,0,0,0,0,0,0,0,0,0,0,0,0,0,0,0,0,0,0,0,0,0
Tripura,Kowai,10,0,0,0,0,10,98,0,1,0,1,97,0,0,0,0,0,0,108,0,1,0,1,107
Tripura,North,17,1,1,2,4,13,77,1,1,5,7,70,0,0,0,0,0,0,94,2,2,7,11,83
Tripura,Sipahijala,27,1,0,1,2,25,86,0,9,5,14,72,0,0,0,0,0,0,113,1,9,6,16,97
Tripura,South,43,10,2,1,13,30,191,8,6,20,34,157,0,0,0,0,0,0,234,18,8,21,47,187
Tripura,Unakoti,17,0,2,1,3,14,49,0,19,4,23,26,0,0,0,0,0,0,66,0,21,5,26,40
Tripura,West,122,9,4,1,14,108,492,17,47,47,111,381,0,0,0,0,0,0,614,26,51,48,125,489
Tripura,Crime Branch,0,0,0,0,0,0,0,0,0,0,0,0,0,0,0,0,0,0,0,0,0,0,0,0
Uttar Pradesh,Agra,387,36,45,52,133,254,387,6,10,14,30,357,0,0,0,0,0,0,774,42,55,66,163,611
Uttar Pradesh,Aligarh,0,0,0,0,0,0,0,0,0,0,0,0,0,0,0,0,0,0,0,0,0,0,0,0
Uttar Pradesh,Prayagraj,214,0,19,11,30,184,353,4,28,51,83,270,0,0,0,0,0,0,567,4,47,62,113,454
Uttar Pradesh,Ambedkar Nagar,0,0,0,0,0,0,0,0,0,0,0,0,0,0,0,0,0,0,0,0,0,0,0,0
Uttar Pradesh,Amethi,13,1,0,0,1,12,66,0,5,8,13,53,0,0,0,0,0,0,79,1,5,8,14,65
Uttar Pradesh,Amroha,38,0,4,0,4,34,64,0,3,0,3,61,0,0,0,0,0,0,102,0,7,0,7,95
Uttar Pradesh,Auraiya,34,0,7,0,7,27,45,0,8,0,8,37,0,0,0,0,0,0,79,0,15,0,15,64
Uttar Pradesh,Azamgarh,64,0,2,8,10,54,181,0,2,9,11,170,0,0,0,0,0,0,245,0,4,17,21,224
Uttar Pradesh,Badaun,95,3,20,1,24,71,175,2,14,11,27,148,0,0,0,0,0,0,270,5,34,12,51,219
Uttar Pradesh,Baghpat,59,0,18,0,18,41,100,0,24,0,24,76,0,0,0,0,0,0,159,0,42,0,42,117
Uttar Pradesh,Bahraich,87,8,30,0,38,49,143,1,38,7,46,97,0,0,0,0,0,0,230,9,68,7,84,146
Uttar Pradesh,Ballia,133,1,8,4,13,120,258,2,6,10,18,240,0,0,0,0,0,0,391,3,14,14,31,360
Uttar Pradesh,Balrampur,65,5,16,0,21,44,181,3,27,20,50,131,0,0,0,0,0,0,246,8,43,20,71,175
Uttar Pradesh,Banda,72,3,35,10,48,24,118,8,16,37,61,57,0,0,0,0,0,0,190,11,51,47,109,81
Uttar Pradesh,Barabanki,82,0,28,12,40,42,127,0,41,48,89,38,0,0,0,0,0,0,209,0,69,60,129,80
Uttar Pradesh,Bareilly,89,4,6,2,12,77,148,0,9,14,23,125,0,0,0,0,0,0,237,4,15,16,35,202
Uttar Pradesh,Basti,106,1,25,13,39,67,275,1,11,28,40,235,0,0,0,0,0,0,381,2,36,41,79,302
Uttar Pradesh,Bijnor,163,25,28,0,53,110,290,12,60,90,162,128,0,0,0,0,0,0,453,37,88,90,215,238
Uttar Pradesh,Bulandshahar,63,4,5,24,33,30,104,7,10,27,44,60,0,0,0,0,0,0,167,11,15,51,77,90
Uttar Pradesh,Chandoli,50,2,7,2,11,39,117,3,3,11,17,100,0,0,0,0,0,0,167,5,10,13,28,139
Uttar Pradesh,Chitrakoot,32,6,20,3,29,3,217,5,48,103,156,61,0,0,0,0,0,0,249,11,68,106,185,64
Uttar Pradesh,Deoria,0,0,0,0,0,0,0,0,0,0,0,0,0,0,0,0,0,0,0,0,0,0,0,0
Uttar Pradesh,Etah,44,1,0,1,2,42,88,1,0,5,6,82,0,0,0,0,0,0,132,2,0,6,8,124
Uttar Pradesh,Etawah,60,5,19,9,33,27,156,0,25,36,61,95,0,0,0,0,0,0,216,5,44,45,94,122
Uttar Pradesh,Ayodhya,43,3,5,15,23,20,66,5,10,20,35,31,0,0,0,0,0,0,109,8,15,35,58,51
Uttar Pradesh,Fatehgarh,0,0,0,0,0,0,0,0,0,0,0,0,0,0,0,0,0,0,0,0,0,0,0,0
Uttar Pradesh,Fatehpur,31,4,23,4,31,0,13,3,10,0,13,0,0,0,0,0,0,0,44,7,33,4,44,0
Uttar Pradesh,Firozabad,43,0,12,19,31,12,290,77,82,105,264,26,0,0,0,0,0,0,333,77,94,124,295,38
Uttar Pradesh,Grp,27,1,2,5,8,19,46,0,7,16,23,23,0,0,0,0,0,0,73,1,9,21,31,42
Uttar Pradesh,Gautambudh Nagar,261,6,25,6,37,224,637,1,52,59,112,525,0,0,0,0,0,0,898,7,77,65,149,749
Uttar Pradesh,Ghaziabad,367,6,25,12,43,324,608,4,18,48,70,538,0,0,0,0,0,0,975,10,43,60,113,862
Uttar Pradesh,Ghazipur,170,8,12,10,30,140,155,7,43,41,91,64,0,0,0,0,0,0,325,15,55,51,121,204
Uttar Pradesh,Gonda,44,1,4,4,9,35,122,0,7,14,21,101,0,0,0,0,0,0,166,1,11,18,30,136
Uttar Pradesh,Gorakhpur,177,0,0,19,19,158,292,0,0,28,28,264,0,0,0,0,0,0,469,0,0,47,47,422
Uttar Pradesh,Hamirpur,0,0,0,0,0,0,0,0,0,0,0,0,0,0,0,0,0,0,0,0,0,0,0,0
Uttar Pradesh,Hapur,195,2,27,10,39,156,469,3,46,92,141,328,0,0,0,0,0,0,664,5,73,102,180,484
Uttar Pradesh,Hardoi,91,1,13,3,17,74,175,2,23,11,36,139,0,0,0,0,0,0,266,3,36,14,53,213
Uttar Pradesh,Hathras,20,0,3,0,3,17,32,0,0,2,2,30,0,0,0,0,0,0,52,0,3,2,5,47
Uttar Pradesh,Jalaun,0,0,0,0,0,0,0,0,0,0,0,0,0,0,0,0,0,0,0,0,0,0,0,0
Uttar Pradesh,Jaunpur,22,0,2,1,3,19,69,1,3,7,11,58,0,0,0,0,0,0,91,1,5,8,14,77
Uttar Pradesh,Jhansi,0,0,0,0,0,0,0,0,0,0,0,0,0,0,0,0,0,0,0,0,0,0,0,0
Uttar Pradesh,Kannauj,72,4,14,22,40,32,186,14,51,46,111,75,0,0,0,0,0,0,258,18,65,68,151,107
Uttar Pradesh,Kanpur Dehat,247,2,7,7,16,231,523,2,28,26,56,467,0,0,0,0,0,0,770,4,35,33,72,698
Uttar Pradesh,Kanpur Commissionarate,485,22,36,38,96,389,507,16,42,38,96,411,0,0,0,0,0,0,992,38,78,76,192,800
Uttar Pradesh,Kasganj,0,0,0,0,0,0,0,0,0,0,0,0,0,0,0,0,0,0,0,0,0,0,0,0
Uttar Pradesh,Kaushambi,0,0,0,0,0,0,0,0,0,0,0,0,0,0,0,0,0,0,0,0,0,0,0,0
Uttar Pradesh,Khiri,45,7,24,14,45,0,43,3,22,18,43,0,0,0,0,0,0,0,88,10,46,32,88,0
Uttar Pradesh,Kushi Nagar,16,2,11,0,13,3,60,3,21,3,27,33,0,0,0,0,0,0,76,5,32,3,40,36
Uttar Pradesh,Lalitpur,0,0,0,0,0,0,0,0,0,0,0,0,0,0,0,0,0,0,0,0,0,0,0,0
Uttar Pradesh,Lucknow Commissionarate,0,0,0,0,0,0,0,0,0,0,0,0,0,0,0,0,0,0,0,0,0,0,0,0
Uttar Pradesh,Maharajganj,21,1,2,0,3,18,62,0,5,4,9,53,0,0,0,0,0,0,83,1,7,4,12,71
Uttar Pradesh,Mahoba,19,4,7,8,19,0,102,2,25,75,102,0,0,0,0,0,0,0,121,6,32,83,121,0
Uttar Pradesh,Mainpuri,11,4,3,2,9,2,19,7,6,6,19,0,0,0,0,0,0,0,30,11,9,8,28,2
Uttar Pradesh,Mathura,39,0,0,39,39,0,0,0,0,0,0,0,0,0,0,0,0,0,39,0,0,39,39,0
Uttar Pradesh,Mau,25,0,2,1,3,22,61,0,1,1,2,59,0,0,0,0,0,0,86,0,3,2,5,81
Uttar Pradesh,Meerut,145,6,27,34,67,78,339,4,67,56,127,212,0,0,0,0,0,0,484,10,94,90,194,290
Uttar Pradesh,Mirzapur,0,0,0,0,0,0,0,0,0,0,0,0,0,0,0,0,0,0,0,0,0,0,0,0
Uttar Pradesh,Moradabad,0,0,0,0,0,0,0,0,0,0,0,0,0,0,0,0,0,0,0,0,0,0,0,0
Uttar Pradesh,Muzaffarnagar,0,0,0,0,0,0,0,0,0,0,0,0,0,0,0,0,0,0,0,0,0,0,0,0
Uttar Pradesh,Pilibhit,127,2,9,0,11,116,165,0,0,0,0,165,0,0,0,0,0,0,292,2,9,0,11,281
Uttar Pradesh,Pratapgarh,9,0,0,5,5,4,33,0,0,27,27,6,0,0,0,0,0,0,42,0,0,32,32,10
Uttar Pradesh,Raibareilly,35,2,1,1,4,31,183,2,28,15,45,138,0,0,0,0,0,0,218,4,29,16,49,169
Uttar Pradesh,Rampur,7,0,6,1,7,0,8,2,3,3,8,0,0,0,0,0,0,0,15,2,9,4,15,0
Uttar Pradesh,Saharanpur,139,3,10,4,17,122,214,0,14,25,39,175,0,0,0,0,0,0,353,3,24,29,56,297
Uttar Pradesh,Sambhal,26,1,0,0,1,25,37,0,1,5,6,31,0,0,0,0,0,0,63,1,1,5,7,56
Uttar Pradesh,Sant Kabirnagar,35,0,0,1,1,34,75,0,7,13,20,55,0,0,0,0,0,0,110,0,7,14,21,89
Uttar Pradesh,Shahjahanpur,116,0,9,0,9,107,206,1,11,31,43,163,0,0,0,0,0,0,322,1,20,31,52,270
Uttar Pradesh,Shamli,37,0,1,2,3,34,73,0,2,8,10,63,0,0,0,0,0,0,110,0,3,10,13,97
Uttar Pradesh,Shrawasti,50,3,9,0,12,38,155,3,14,2,19,136,0,0,0,0,0,0,205,6,23,2,31,174
Uttar Pradesh,Sidharthnagar,0,0,0,0,0,0,0,0,0,0,0,0,0,0,0,0,0,0,0,0,0,0,0,0
Uttar Pradesh,Sitapur,253,10,18,24,52,201,304,0,9,30,39,265,0,0,0,0,0,0,557,10,27,54,91,466
Uttar Pradesh,Sonbhadra,0,0,0,0,0,0,0,0,0,0,0,0,0,0,0,0,0,0,0,0,0,0,0,0
Uttar Pradesh,Bhadohi,72,5,8,15,28,44,164,4,24,41,69,95,0,0,0,0,0,0,236,9,32,56,97,139
Uttar Pradesh,Sultanpur,44,7,14,5,26,18,99,5,24,34,63,36,0,0,0,0,0,0,143,12,38,39,89,54
Uttar Pradesh,Unnao,109,0,2,3,5,104,93,0,6,14,20,73,0,0,0,0,0,0,202,0,8,17,25,177
Uttar Pradesh,Varanasi Commissionarate,253,20,54,47,121,132,129,0,17,47,64,65,0,0,0,0,0,0,382,20,71,94,185,197
Uttarakhand,Almora,25,0,4,4,8,17,28,0,3,11,14,14,0,0,0,0,0,0,53,0,7,15,22,31
Uttarakhand,Bageshwar,19,0,2,2,4,15,28,0,5,0,5,23,0,0,0,0,0,0,47,0,7,2,9,38
Uttarakhand,Chamoli,38,0,2,2,4,34,47,0,3,5,8,39,0,0,0,0,0,0,85,0,5,7,12,73
Uttarakhand,Champawat,30,0,0,14,14,16,49,0,0,21,21,28,0,0,0,0,0,0,79,0,0,35,35,44
Uttarakhand,Dehradun,429,14,41,10,65,364,671,12,168,53,233,438,0,0,0,0,0,0,1100,26,209,63,298,802
Uttarakhand,Haridwar,561,7,25,55,87,474,746,15,85,149,249,497,0,0,0,0,0,0,1307,22,110,204,336,971
Uttarakhand,Nainital,153,5,20,9,34,119,205,1,21,27,49,156,0,0,0,0,0,0,358,6,41,36,83,275
Uttarakhand,Pauri Garhwal,30,2,0,1,3,27,78,0,4,11,15,63,0,0,0,0,0,0,108,2,4,12,18,90
Uttarakhand,Pithoragarh,28,1,1,8,10,18,44,1,9,11,21,23,0,0,0,0,0,0,72,2,10,19,31,41
Uttarakhand,Rudra Prayag,51,0,0,4,4,47,23,0,0,7,7,16,0,0,0,0,0,0,74,0,0,11,11,63
Uttarakhand,Tehri Garhwal,36,2,4,4,10,26,90,2,7,26,35,55,0,0,0,0,0,0,126,4,11,30,45,81
Uttarakhand,Udhamsingh Nagar,317,18,12,16,46,271,661,0,61,100,161,500,0,0,0,0,0,0,978,18,73,116,207,771
Uttarakhand,Uttarkashi,25,0,0,2,2,23,48,0,0,14,14,34,0,0,0,0,0,0,73,0,0,16,16,57
Uttarakhand,Grp,12,0,0,2,2,10,5,0,0,1,1,4,0,0,0,0,0,0,17,0,0,3,3,14
Uttarakhand,Cyber Cell,0,0,0,0,0,0,0,0,0,0,0,0,0,0,0,0,0,0,0,0,0,0,0,0
West Bengal,Alipurduar,318,4,11,14,29,289,931,4,73,87,164,767,0,0,0,0,0,0,1249,8,84,101,193,1056
West Bengal,Asansol-Durgapur Pc,762,3,25,7,35,727,1254,11,75,149,235,1019,0,0,0,0,0,0,2016,14,100,156,270,1746
West Bengal,Bankura,456,5,6,8,19,437,1320,2,104,214,320,1000,0,0,0,0,0,0,1776,7,110,222,339,1437
West Bengal,Barrackpur Pc,1212,14,64,35,113,1099,1575,15,193,199,407,1168,0,0,0,0,0,0,2787,29,257,234,520,2267
West Bengal,Bidhannagar Pc,395,3,13,10,26,369,678,3,93,65,161,517,0,0,0,0,0,0,1073,6,106,75,187,886
West Bengal,Birbhum,0,0,0,0,0,0,0,0,0,0,0,0,0,0,0,0,0,0,0,0,0,0,0,0
West Bengal,Coochbehar,578,2,22,35,59,519,2335,3,236,398,637,1698,0,0,0,0,0,0,2913,5,258,433,696,2217
West Bengal,Dakshin Dinajpur,394,30,29,16,75,319,1578,23,183,231,437,1141,0,0,0,0,0,0,1972,53,212,247,512,1460
West Bengal,Darjeeling,135,2,4,6,12,123,263,5,11,6,22,241,0,0,0,0,0,0,398,7,15,12,34,364
West Bengal,Hooghly Rural Police,726,3,23,34,60,666,2464,0,282,385,667,1797,0,0,0,0,0,0,3190,3,305,419,727,2463
West Bengal,Howrah Grp,13,0,1,0,1,12,4,0,0,1,1,3,0,0,0,0,0,0,17,0,1,1,2,15
West Bengal,Howrah Pc,801,10,29,46,85,716,1093,26,116,120,262,831,0,0,0,0,0,0,1894,36,145,166,347,1547
West Bengal,Howrah Rural,398,8,16,11,35,363,1192,5,126,163,294,898,0,0,0,0,0,0,1590,13,142,174,329,1261
West Bengal,Jalpaiguri,242,5,17,15,37,205,1081,8,111,75,194,887,0,0,0,0,0,0,1323,13,128,90,231,1092
West Bengal,Jhargram,143,5,3,5,13,130,607,10,93,132,235,372,0,0,0,0,0,0,750,15,96,137,248,502
West Bengal,Kharagpur Grp,4,0,1,0,1,3,5,2,1,0,3,2,0,0,0,0,0,0,9,2,2,0,4,5
West Bengal,Kolkata,205,3,18,55,76,129,250,4,12,110,126,124,0,0,0,0,0,0,455,7,30,165,202,253
West Bengal,Malda,196,15,57,54,126,70,1033,22,570,278,870,163,0,0,0,0,0,0,1229,37,627,332,996,233
West Bengal,Murshidabad Police District,1053,12,33,152,197,856,3394,9,319,530,858,2536,0,0,0,0,0,0,4447,21,352,682,1055,3392
West Bengal,Paschim Medinipur,693,2,13,40,55,638,2707,0,59,936,995,1712,0,0,0,0,0,0,3400,2,72,976,1050,2350
West Bengal,Purab Medinipur,643,74,29,26,129,514,3220,70,475,614,1159,2061,0,0,0,0,0,0,3863,144,504,640,1288,2575
West Bengal,Purulia,339,3,8,16,27,312,843,3,66,132,201,642,0,0,0,0,0,0,1182,6,74,148,228,954
West Bengal,Sealdah Grp,23,2,1,0,3,20,21,0,3,1,4,17,0,0,0,0,0,0,44,2,4,1,7,37
West Bengal,Siliguri Grp,15,0,1,0,1,14,3,0,0,0,0,3,0,0,0,0,0,0,18,0,1,0,1,17
West Bengal,Siliguri Pc,631,20,27,22,69,562,1032,14,98,129,241,791,0,0,0,0,0,0,1663,34,125,151,310,1353
West Bengal,Baruipur Police,718,24,51,33,108,610,2093,33,350,262,645,1448,0,0,0,0,0,0,2811,57,401,295,753,2058
West Bengal,Chandannagar Pc,486,4,12,19,35,451,636,5,68,71,144,492,0,0,0,0,0,0,1122,9,80,90,179,943
West Bengal,Diamond Harbour Police,655,19,22,17,58,597,1411,6,139,166,311,1100,0,0,0,0,0,0,2066,25,161,183,369,1697
West Bengal,Kalimpong,55,1,2,7,10,45,112,0,12,10,22,90,0,0,0,0,0,0,167,1,14,17,32,135
West Bengal,Purba Bardhaman,801,9,19,18,46,755,2616,9,336,462,807,1809,0,0,0,0,0,0,3417,18,355,480,853,2564
West Bengal,Sundarban Police,313,0,25,25,50,263,1673,8,388,406,802,871,0,0,0,0,0,0,1986,8,413,431,852,1134
West Bengal,Barasat,818,22,45,27,94,724,1802,28,216,215,459,1343,0,0,0,0,0,0,2620,50,261,242,553,2067
West Bengal,Basirhat,355,8,24,10,42,313,1467,8,320,139,467,1000,0,0,0,0,0,0,1822,16,344,149,509,1313
West Bengal,Bangaon,244,0,12,17,29,215,1129,6,52,210,268,861,0,0,0,0,0,0,1373,6,64,227,297,1076
West Bengal,Islampur,247,0,0,66,66,181,584,0,0,249,249,335,0,0,0,0,0,0,831,0,0,315,315,516
West Bengal,Jangipur Police District,333,5,7,11,23,310,643,5,9,170,184,459,0,0,0,0,0,0,976,10,16,181,207,769
West Bengal,Krishnagar,298,2,15,16,33,265,2116,8,210,356,574,1542,0,0,0,0,0,0,2414,10,225,372,607,1807
West Bengal,Raiganj,283,0,4,25,29,254,1071,0,45,199,244,827,0,0,0,0,0,0,1354,0,49,224,273,1081
West Bengal,Ranaghat,297,0,15,201,216,81,602,0,23,35,58,544,0,0,0,0,0,0,899,0,38,236,274,625
A&N Islands,South Andaman,49,3,2,1,6,43,60,1,15,4,20,40,0,0,0,0,0,0,109,4,17,5,26,83
A&N Islands,North & Middle Andaman,13,0,0,1,1,12,19,0,1,2,3,16,0,0,0,0,0,0,32,0,1,3,4,28
A&N Islands,Nicobar,1,0,0,0,0,1,2,0,0,0,0,2,0,0,0,0,0,0,3,0,0,0,0,3
Chandigarh,Chandigarh,325,9,33,8,50,275,546,8,73,87,168,378,0,0,0,0,0,0,871,17,106,95,218,653
D&N Haveli And Daman & Diu,D&N Haveli,33,1,0,0,1,32,103,0,5,0,5,98,0,0,0,0,0,0,136,1,5,0,6,130
D&N Haveli And Daman & Diu,Daman,22,0,0,0,0,22,42,0,1,0,1,41,0,0,0,0,0,0,64,0,1,0,1,63
D&N Haveli And Daman & Diu,Diu,10,0,0,0,0,10,11,0,0,0,0,11,0,0,0,0,0,0,21,0,0,0,0,21
Delhi,Central,92,6,54,16,76,16,103,3,46,42,91,12,0,0,0,0,0,0,195,9,100,58,167,28
Delhi,Crime Branch,0,0,0,0,0,0,0,0,0,0,0,0,0,0,0,0,0,0,0,0,0,0,0,0
Delhi,East,425,24,25,27,76,349,602,13,140,64,217,385,0,0,0,0,0,0,1027,37,165,91,293,734
Delhi,Eow,0,0,0,0,0,0,0,0,0,0,0,0,0,0,0,0,0,0,0,0,0,0,0,0
Delhi,Igi Airport,7,0,0,0,0,7,7,0,0,1,1,6,0,0,0,0,0,0,14,0,0,1,1,13
Delhi,Metro,14,2,1,0,3,11,16,2,0,5,7,9,0,0,0,0,0,0,30,4,1,5,10,20
Delhi,New Delhi,75,3,7,0,10,65,77,6,9,7,22,55,0,0,0,0,0,0,152,9,16,7,32,120
Delhi,North,261,11,17,11,39,222,331,10,62,27,99,232,0,0,0,0,0,0,592,21,79,38,138,454
Delhi,North-East,1123,46,90,22,158,965,1441,30,216,88,334,1107,0,0,0,0,0,0,2564,76,306,110,492,2072
Delhi,North-West,514,41,43,17,101,413,777,13,160,76,249,528,0,0,0,0,0,0,1291,54,203,93,350,941
Delhi,Outer,889,19,54,36,109,780,1410,7,200,166,373,1037,0,0,0,0,0,0,2299,26,254,202,482,1817
Delhi,Railway,63,7,4,0,11,52,47,3,6,2,11,36,0,0,0,0,0,0,110,10,10,2,22,88
Delhi,South,575,11,36,30,77,498,736,10,65,91,166,570,0,0,0,0,0,0,1311,21,101,121,243,1068
Delhi,South-East,818,32,54,35,121,697,1119,66,143,145,354,765,0,0,0,0,0,0,1937,98,197,180,475,1462
Delhi,South-West,631,38,76,24,138,493,900,19,175,73,267,633,0,0,0,0,0,0,1531,57,251,97,405,1126
Delhi,Spl Cell,0,0,0,0,0,0,0,0,0,0,0,0,0,0,0,0,0,0,0,0,0,0,0,0
Delhi,Spuwac,0,0,0,0,0,0,0,0,0,0,0,0,0,0,0,0,0,0,0,0,0,0,0,0
Delhi,Vigilance,0,0,0,0,0,0,0,0,0,0,0,0,0,0,0,0,0,0,0,0,0,0,0,0
Delhi,West,613,22,43,20,85,528,937,9,123,122,254,683,0,0,0,0,0,0,1550,31,166,142,339,1211
Delhi,Rohini,654,17,41,46,104,550,917,23,107,142,272,645,0,0,0,0,0,0,1571,40,148,188,376,1195
Delhi,Shahdara,632,15,33,35,83,549,744,7,93,116,216,528,0,0,0,0,0,0,1376,22,126,151,299,1077
Delhi,Dwarka,922,40,84,24,148,774,1396,21,240,97,358,1038,0,0,0,0,0,0,2318,61,324,121,506,1812
Delhi,Outer North,1174,68,97,67,232,942,2016,71,277,281,629,1387,0,0,0,0,0,0,3190,139,374,348,861,2329
Jammu & Kashmir,Anantnag,38,0,14,1,15,23,143,1,24,15,40,103,0,0,0,0,0,0,181,1,38,16,55,126
Jammu & Kashmir,Awantipora,13,1,0,0,1,12,27,0,0,0,0,27,0,0,0,0,0,0,40,1,0,0,1,39
Jammu & Kashmir,Bandipora,24,0,1,1,2,22,66,0,0,0,0,66,0,0,0,0,0,0,90,0,1,1,2,88
Jammu & Kashmir,Baramulla,32,0,0,1,1,31,58,1,0,0,1,57,0,0,0,0,0,0,90,1,0,1,2,88
Jammu & Kashmir,Budgam,60,0,0,0,0,60,87,0,0,0,0,87,0,0,0,0,0,0,147,0,0,0,0,147
Jammu & Kashmir,Special Crime Wing Jammu,0,0,0,0,0,0,0,0,0,0,0,0,0,0,0,0,0,0,0,0,0,0,0,0
Jammu & Kashmir,Special Crime Wing Kashmir,0,0,0,0,0,0,0,0,0,0,0,0,0,0,0,0,0,0,0,0,0,0,0,0
Jammu & Kashmir,Doda,23,0,2,0,2,21,84,0,0,0,0,84,0,0,0,0,0,0,107,0,2,0,2,105
Jammu & Kashmir,Ganderbal,36,0,0,1,1,35,66,0,2,10,12,54,0,0,0,0,0,0,102,0,2,11,13,89
Jammu & Kashmir,Handwara,0,0,0,0,0,0,0,0,0,0,0,0,0,0,0,0,0,0,0,0,0,0,0,0
Jammu & Kashmir,Jammu,289,0,0,0,0,289,384,0,0,0,0,384,0,0,0,0,0,0,673,0,0,0,0,673
Jammu & Kashmir,Kathua,68,2,1,4,7,61,198,0,17,18,35,163,0,0,0,0,0,0,266,2,18,22,42,224
Jammu & Kashmir,Kishtwar,21,0,3,3,6,15,57,0,0,0,0,57,0,0,0,0,0,0,78,0,3,3,6,72
Jammu & Kashmir,Kulgam,27,0,1,0,1,26,42,0,0,7,7,35,0,0,0,0,0,0,69,0,1,7,8,61
Jammu & Kashmir,Kupwara,20,0,0,2,2,18,39,0,0,4,4,35,0,0,0,0,0,0,59,0,0,6,6,53
Jammu & Kashmir,Poonch,45,2,7,6,15,30,98,3,2,4,9,89,0,0,0,0,0,0,143,5,9,10,24,119
Jammu & Kashmir,Pulwama,24,0,6,0,6,18,22,0,2,0,2,20,0,0,0,0,0,0,46,0,8,0,8,38
Jammu & Kashmir,Railways Jammu,7,0,0,0,0,7,0,0,0,0,0,0,0,0,0,0,0,0,7,0,0,0,0,7
Jammu & Kashmir,Railways Kashmir,0,0,0,0,0,0,0,0,0,0,0,0,0,0,0,0,0,0,0,0,0,0,0,0
Jammu & Kashmir,Railways Katra,0,0,0,0,0,0,0,0,0,0,0,0,0,0,0,0,0,0,0,0,0,0,0,0
Jammu & Kashmir,Rajouri,41,2,5,1,8,33,167,1,3,11,15,152,0,0,0,0,0,0,208,3,8,12,23,185
Jammu & Kashmir,Ramban,16,0,0,1,1,15,43,2,4,5,11,32,0,0,0,0,0,0,59,2,4,6,12,47
Jammu & Kashmir,Reasi,39,0,1,4,5,34,146,0,3,22,25,121,0,0,0,0,0,0,185,0,4,26,30,155
Jammu & Kashmir,Samba,51,0,0,0,0,51,103,0,0,0,0,103,0,0,0,0,0,0,154,0,0,0,0,154
Jammu & Kashmir,Shopian,17,0,0,5,5,12,27,0,4,4,8,19,0,0,0,0,0,0,44,0,4,9,13,31
Jammu & Kashmir,Sopore,21,0,0,0,0,21,38,0,0,0,0,38,0,0,0,0,0,0,59,0,0,0,0,59
Jammu & Kashmir,Srinagar,134,1,5,16,22,112,118,0,6,0,6,112,0,0,0,0,0,0,252,1,11,16,28,224
Jammu & Kashmir,Udhampur,75,1,2,0,3,72,178,2,6,15,23,155,0,0,0,0,0,0,253,3,8,15,26,227
Jammu & Kashmir,Cyber Crime Jammu,0,0,0,0,0,0,0,0,0,0,0,0,0,0,0,0,0,0,0,0,0,0,0,0
Jammu & Kashmir,Cyber Crime Kashmir,0,0,0,0,0,0,0,0,0,0,0,0,0,0,0,0,0,0,0,0,0,0,0,0
Jammu & Kashmir,Anti Narcotic Task Force Jammu,0,0,0,0,0,0,0,0,0,0,0,0,0,0,0,0,0,0,0,0,0,0,0,0
Jammu & Kashmir,Anti Narcotic Task Force Kashmir,0,0,0,0,0,0,0,0,0,0,0,0,0,0,0,0,0,0,0,0,0,0,0,0
Jammu & Kashmir,Eow Jammu,0,0,0,0,0,0,0,0,0,0,0,0,0,0,0,0,0,0,0,0,0,0,0,0
Jammu & Kashmir,Eow Kashmir,0,0,0,0,0,0,0,0,0,0,0,0,0,0,0,0,0,0,0,0,0,0,0,0
Jammu & Kashmir,Cice Jammu,0,0,0,0,0,0,0,0,0,0,0,0,0,0,0,0,0,0,0,0,0,0,0,0
Jammu & Kashmir,Cice Kashmir,0,0,0,0,0,0,0,0,0,0,0,0,0,0,0,0,0,0,0,0,0,0,0,0
Ladakh,Kargil,4,0,0,0,0,4,7,0,0,0,0,7,0,0,0,0,0,0,11,0,0,0,0,11
Ladakh,Leh,25,0,0,0,0,25,11,0,0,7,7,4,0,0,0,0,0,0,36,0,0,7,7,29
Lakshadweep,Lakshadweep,0,0,0,0,0,0,0,0,0,0,0,0,0,0,0,0,0,0,0,0,0,0,0,0
Puducherry,Karaikal,14,0,0,0,0,14,18,0,1,4,5,13,0,0,0,0,0,0,32,0,1,4,5,27
Puducherry,Puducherry,128,11,5,4,20,108,181,7,5,15,27,154,0,0,0,0,0,0,309,18,10,19,47,262
