file_id,file_name,tier,table_code,temporal_coverage,domain,key_dimensions,analytical_question,ml_use_case,relative_path
DIST_01_IPC,1DistrictwiseIPCCrimes2024.xlsx,Tier 1: District Core,District-IPC-2024,2024,Overall IPC / BNS Crimes,"Violent crime, bodily offenses, theft, robbery, dacoity, burglary, criminal breach of trust, kidnapping",Which administrative districts represent nationwide crime hotspots across violent vs property crime?,"Spatial clustering (K-Means, DBSCAN), Crime Severity Index, PCA dimensionality reduction",data/curated/district/1DistrictwiseIPCCrimes2024.xlsx
DIST_02_SLL,2DistrictwiseSLLCrimes2024.xlsx,Tier 1: District Core,District-SLL-2024,2024,Special & Local Laws (SLL),"Arms Act (firearms), NDPS Act (narcotics), POCSO, Excise & Prohibition, Gambling Act, IT Act","How does contraband, narcotics, and illegal firearms enforcement correlate with violent crime rates?","Correlation analysis, multi-variate regression (contraband predicting violent crime)",data/curated/district/2DistrictwiseSLLCrimes2024.xlsx
DIST_03_WOMEN,3DistrictwiseCrimeagainstWomen2024.xlsx,Tier 1: District Core,District-Women-2024,2024,Vulnerable Groups: Women,"Rape, sexual harassment, dowry deaths, domestic cruelty (Sec 498A), assault with intent to disrobe, age splits (<18 vs >=18)",What are the geographic clusters of gender-based violence and institutional reporting disparity?,"Women Vulnerability Index (WVI), geospatial risk zoning, K-Means clustering",data/curated/district/3DistrictwiseCrimeagainstWomen2024.xlsx
DIST_04_CHILDREN,4DistrictwiseCrimeagainstChildren2024.xlsx,Tier 1: District Core,District-Children-2024,2024,Vulnerable Groups: Children,"POCSO violations, child rape, procuration/selling of minors for prostitution, child kidnapping, child labor","Which district typologies (border, rural, industrial) display high concentrations of child exploitation?","Child Protection Vulnerability Scoring, hierarchical clustering, cross-district outlier detection",data/curated/district/4DistrictwiseCrimeagainstChildren2024.xlsx
DIST_05_SC,5DistrictwiseCrimeagainstSCs2024.xlsx,Tier 1: District Core,District-SC-2024,2024,Marginalized Demographics: SCs,"SC/ST Prevention of Atrocities Act violations, assault, murder, land dispossession against Scheduled Castes",Are caste atrocities structurally isolated in specific rural agrarian corridors or uniformly distributed?,"Spatial autocorrelation (Moran I), caste atrocity density modeling",data/curated/district/5DistrictwiseCrimeagainstSCs2024.xlsx
DIST_06_ST,6DistrictwiseCrimeagainstSTs2024.xlsx,Tier 1: District Core,District-ST-2024,2024,Marginalized Demographics: STs,Atrocities & offenses against Scheduled Tribes under PoA Act and IPC/BNS,How do crime profiles in Fifth/Sixth Schedule tribal districts compare against non-tribal districts?,"Comparative demographic statistical profiling, Mann-Whitney U testing",data/curated/district/6DistrictwiseCrimeagainstSTs2024.xlsx
DIST_07_JUVENILE_IPC,7DistrictwiseIPCCrimebyJuveniles2024.xlsx,Tier 1: District Core,District-JuvenileIPC-2024,2024,Youth Delinquency: IPC/BNS,156 IPC offenses committed by juveniles in conflict with law across all districts,What categories of crime (property vs violent) dominate youth offenses across major districts?,"Juvenile Delinquency Ratio (JDR = Juvenile Crimes / Total Crimes), clustering",data/curated/district/7DistrictwiseIPCCrimebyJuveniles2024.xlsx
DIST_09_CYBER,9DistrictwiseCyberCrimes2024.xlsx,Tier 1: District Core,District-Cyber-2024,2024,Digital / Tech-Enabled Crime,"IT Act offenses (tampering, hacking, cyber terrorism, obscene publication) and IPC cyber frauds",Is cybercrime confined to high-tech metropolitan districts or actively diffusing into rural districts?,"Diffusion modeling, cyber-to-physical crime ratio, anomaly detection (cyber crime hotspots like Jamtara/Nuh belts)",data/curated/district/9DistrictwiseCyberCrimes2024.xlsx
DIST_10_MISSING,10DistrictwiseMissingPersons2024.xlsx,Tier 1: District Core,District-Missing-2024,2024,Social Vulnerability: Missing Persons,"Missing children (<12, 12-16, 16-18) and adults by gender (proxy for unrecorded human trafficking)",Does missing child volume predict child kidnapping and human trafficking indicators across transit hubs?,"Trafficking Risk Proxy regression, Missing Children Gender Disparity Index",data/curated/district/10DistrictwiseMissingPersons2024.xlsx
METRO_01_TREND,TABLE1B16.xlsx,Tier 2: Metropolitan Analytical,TABLE 1B.1,2022-2024,Metropolitan Macro Trends & Policing Efficiency,"3-year IPC crime trends (2022, 2023, 2024), estimated mid-year population, crime rate, chargesheeting rate",Which metropolitan cities show accelerating crime rates vs improving police investigative efficiency (chargesheeting)?,"Compound Annual Growth Rate (CAGR) forecasting, 2D quadrant analysis (Crime Rate vs Chargesheeting Rate)",data/curated/metropolitan/TABLE1B16.xlsx
METRO_03_BURDEN,TABLE1B33.xlsx,Tier 2: Metropolitan Analytical,TABLE 1B.3,2022-2024,Metropolitan Total Crime Burden,"Combined IPC + SLL total crimes, percentage share of state crime, total crime rate per lakh population",How much disproportionate crime burden do mega-cities carry relative to their respective states?,"Urban Primacy Crime Index, Pareto analysis (80/20 rule of metropolitan crime)",data/curated/metropolitan/TABLE1B33.xlsx
METRO_02_MURDER_MOTIVES,TABLE2B24.xlsx,Tier 2: Metropolitan Analytical,TABLE 2B.2,2024,Causal Drivers: Violent Crime Motives,"35 motive categories for murder: property disputes, family feuds, illicit relations, money, gang rivalry, sudden provocation",What underlying social and economic motives trigger lethal violence across different metropolitan archetypes?,"City clustering by motive profiles (economic greed vs interpersonal passion), radar chart motive fingerprints",data/curated/metropolitan/TABLE2B24.xlsx
METRO_04_WOMEN_TREND,TABLE3B13.xlsx,Tier 2: Metropolitan Analytical,TABLE 3B.1,2022-2024,Urban Gender Safety Trends,"3-year trends in crimes against women (2022-24), female population, crime rate, chargesheet rate",Which metropolitan centers have the safest vs most hazardous trajectory for women over the 2022-2024 window?,"Time-series trajectory ranking, Women Safety Trajectory Index",data/curated/metropolitan/TABLE3B13.xlsx
METRO_05_CHILD_TREND,TABLE4B13.xlsx,Tier 2: Metropolitan Analytical,TABLE 4B.1,2022-2024,Urban Child Safety Trends,"3-year trends in crimes against children (2022-24), child population, crime rate per lakh children",Is crime against children growing faster in rapidly urbanizing tier-2 cities than established tier-1 megacities?,"Comparative growth rate regression, Tier-1 vs Tier-2 ANOVA analysis",data/curated/metropolitan/TABLE4B13.xlsx
METRO_06_JUVENILE_DEMO,TABLE5B41.xlsx,Tier 2: Metropolitan Analytical,TABLE 5B.4,2024,Juvenile Offender Demography & Severity,"Juveniles apprehended by crime head, age bracket (<12 yrs, 12-16 yrs, 16-18 yrs), and gender (boys vs girls)",To what extent is severe youth crime concentrated in the 16-18 age bracket across major Indian cities?,"Age-severity gradient modeling, demographic cross-tabulation",data/curated/metropolitan/TABLE5B41.xlsx
METRO_07_JUVENILE_SOCIO,TABLE5B63.xlsx,Tier 2: Metropolitan Analytical,TABLE 5B.6,2024,Socioeconomic Determinants of Crime,"Education level (illiterate, primary, matric, higher) and family structure (living with parents, guardians, homeless)",Do educational deprivation and family breakdown serve as statistical determinants of juvenile recidivism/delinquency?,"Socioeconomic risk factor modeling, correlation heatmaps, feature importance for juvenile vulnerability",data/curated/metropolitan/TABLE5B63.xlsx
METRO_08_CYBER_MOTIVES,TABLE9B33.xlsx,Tier 2: Metropolitan Analytical,TABLE 9B.3,2024,Cybercrime Motives & Modus Operandi,"25 cybercrime motives: financial gain, extortion, personal revenge, sexual harassment, reputational damage, fraud",Are metropolitan cybercrimes driven primarily by financial syndicate fraud or interpersonal harassment/intimidation?,"Motive decomposition profiling, financial-vs-interpersonal cyber risk clustering",data/curated/metropolitan/TABLE9B33.xlsx
